Subject-Type	Property	Count	Distinct_count
http://mo-ld.org/resource/humanmine_BioEntity	http://www.w3.org/1999/02/22-rdf-syntax-ns#type	11538431	3226386
http://mo-ld.org/resource/humanmine_SequenceFeature	http://www.w3.org/1999/02/22-rdf-syntax-ns#type	10958225	2963736
http://mo-ld.org/resource/humanmine_MeshTerm	http://mo-ld.org/mine_vocabulary:hasPublication	10000000	2993
http://mo-ld.org/resource/humanmine_Publication	http://mo-ld.org/mine_vocabulary:hasMeshTerm	10000000	616701
http://mo-ld.org/resource/humanmine_Region	http://www.w3.org/1999/02/22-rdf-syntax-ns#type	7889552	1940845
http://mo-ld.org/resource/humanmine_Location	http://mo-ld.org/mine_vocabulary:hasBioEntity	7724922	3862597
http://mo-ld.org/resource/humanmine_BioEntity	http://mo-ld.org/mine_vocabulary:hasLocation	7724922	2797833
http://mo-ld.org/resource/humanmine_SequenceFeature	http://mo-ld.org/mine_vocabulary:hasLocation	7723534	2797579
http://mo-ld.org/resource/humanmine_AtlasExpression	http://mo-ld.org/mine_vocabulary:hasDataSet	6850840	6850840
http://mo-ld.org/resource/humanmine_SequenceFeature	http://mo-ld.org/mine_vocabulary:hasAtlasExpression	6850840	36532
http://mo-ld.org/resource/humanmine_Gene	http://mo-ld.org/mine_vocabulary:hasAtlasExpression	6850840	36532
http://mo-ld.org/resource/humanmine_AtlasExpression	http://mo-ld.org/mine_vocabulary:hasCondition	6850840	6850840
http://mo-ld.org/resource/humanmine_Region	http://mo-ld.org/mine_vocabulary:hasAtlasExpression	6850840	36532
http://mo-ld.org/resource/humanmine_AtlasExpression	http://mo-ld.org/mine_vocabulary:hasType	6850840	6850840
http://mo-ld.org/resource/humanmine_AtlasExpression	http://mo-ld.org/mine_vocabulary:hasExpression	6850840	6850840
http://mo-ld.org/resource/humanmine_AtlasExpression	http://mo-ld.org/mine_vocabulary:hasGene	6850840	6850840
http://mo-ld.org/resource/humanmine_AtlasExpression	http://www.w3.org/1999/02/22-rdf-syntax-ns#type	6850840	6850840
http://mo-ld.org/resource/humanmine_BioEntity	http://mo-ld.org/mine_vocabulary:hasAtlasExpression	6850840	36532
http://mo-ld.org/resource/humanmine_Region	http://mo-ld.org/mine_vocabulary:hasLocation	6709454	1783499
http://mo-ld.org/resource/humanmine_AtlasExpression	http://mo-ld.org/mine_vocabulary:hasPValue	6265080	6265080
http://mo-ld.org/resource/humanmine_AtlasExpression	http://mo-ld.org/mine_vocabulary:hasTStatistic	6265080	6265080
http://mo-ld.org/resource/humanmine_Exon	http://www.w3.org/1999/02/22-rdf-syntax-ns#type	5937752	1484438
http://mo-ld.org/resource/humanmine_Author	http://mo-ld.org/mine_vocabulary:hasPublication	5255662	1571000
http://mo-ld.org/resource/humanmine_Publication	http://mo-ld.org/mine_vocabulary:hasAuthor	5255662	749507
http://mo-ld.org/mine_type:PValue	http://www.w3.org/1999/02/22-rdf-syntax-ns#value	4430745	4430745
http://mo-ld.org/mine_type:PValue	http://www.w3.org/1999/02/22-rdf-syntax-ns#type	4430745	4430745
http://mo-ld.org/resource/humanmine_Location	http://mo-ld.org/mine_vocabulary:hasEnd	3862597	3862597
http://mo-ld.org/resource/humanmine_Location	http://www.w3.org/1999/02/22-rdf-syntax-ns#type	3862597	3862597
http://mo-ld.org/resource/humanmine_Location	http://mo-ld.org/mine_vocabulary:hasStart	3862597	3862597
http://mo-ld.org/resource/humanmine_Location	http://mo-ld.org/mine_vocabulary:hasStrand	3861656	3861656
http://mo-ld.org/resource/humanmine_Chromosome	http://mo-ld.org/mine_vocabulary:hasLocation	3861656	24
http://mo-ld.org/resource/humanmine_BioEntity	http://mo-ld.org/mine_vocabulary:hasPrimaryIdentifier	3203632	3203632
http://mo-ld.org/resource/humanmine_BioEntity	http://mo-ld.org/mine_vocabulary:hasOrganism	3194600	3194600
http://mo-ld.org/resource/humanmine_GeneFlankingRegion	http://www.w3.org/1999/02/22-rdf-syntax-ns#type	3042240	1014080
http://mo-ld.org/resource/humanmine_Sequence	http://mo-ld.org/mine_vocabulary:hasResidues	3005487	3005487
http://mo-ld.org/resource/humanmine_Sequence	http://www.w3.org/1999/02/22-rdf-syntax-ns#type	3005487	3005487
http://mo-ld.org/resource/humanmine_Sequence	http://mo-ld.org/mine_vocabulary:hasLength	3005487	3005487
http://mo-ld.org/resource/humanmine_SequenceFeature	http://mo-ld.org/mine_vocabulary:hasOrganism	2963736	2963736
http://mo-ld.org/resource/humanmine_SequenceFeature	http://mo-ld.org/mine_vocabulary:hasPrimaryIdentifier	2963442	2963442
http://mo-ld.org/resource/humanmine_BioEntity	http://mo-ld.org/mine_vocabulary:hasLength	2955928	2955928
http://mo-ld.org/resource/humanmine_BioEntity	http://mo-ld.org/mine_vocabulary:hasPublication	2951680	279209
http://mo-ld.org/resource/humanmine_Publication	http://mo-ld.org/mine_vocabulary:hasBioEntity	2912250	713929
http://mo-ld.org/resource/humanmine_Location	http://mo-ld.org/mine_vocabulary:hasDataSet	2848517	2848517
http://mo-ld.org/resource/humanmine_SequenceFeature	http://mo-ld.org/mine_vocabulary:hasLength	2797579	2797579
http://mo-ld.org/resource/humanmine_BioEntity	http://mo-ld.org/mine_vocabulary:hasChromosome	2797554	2797554
http://mo-ld.org/resource/humanmine_SequenceFeature	http://mo-ld.org/mine_vocabulary:hasChromosome	2797554	2797554
http://mo-ld.org/resource/humanmine_DataSet	http://mo-ld.org/mine_vocabulary:hasBioEntity	2786757	51
http://mo-ld.org/resource/humanmine_BioEntity	http://mo-ld.org/mine_vocabulary:hasDataSet	2786757	2212306
http://mo-ld.org/mine_type:PrimaryIdentifier	http://www.w3.org/1999/02/22-rdf-syntax-ns#value	2696035	2696035
http://mo-ld.org/mine_type:PrimaryIdentifier	http://www.w3.org/1999/02/22-rdf-syntax-ns#type	2696035	2696035
http://mo-ld.org/resource/humanmine_OntologyTerm	http://mo-ld.org/mine_vocabulary:hasOntologyRelation	2666056	66320
http://mo-ld.org/resource/humanmine_OntologyRelation	http://mo-ld.org/mine_vocabulary:hasOntologyTerm	2666056	1333028
http://mo-ld.org/resource/humanmine_SequenceFeature	http://mo-ld.org/mine_vocabulary:hasDataSet	2383026	1949656
http://mo-ld.org/resource/humanmine_Region	http://mo-ld.org/mine_vocabulary:hasDataSet	2374215	1940845
http://mo-ld.org/resource/humanmine_GOTerm	http://mo-ld.org/mine_vocabulary:hasOntologyRelation	2228424	42045
http://mo-ld.org/resource/humanmine_OntologyAnnotation	http://www.w3.org/1999/02/22-rdf-syntax-ns#type	2208826	1104413
http://mo-ld.org/resource/humanmine_Region	http://mo-ld.org/mine_vocabulary:hasPublication	2104080	82173
http://mo-ld.org/resource/humanmine_SequenceFeature	http://mo-ld.org/mine_vocabulary:hasPublication	2104080	82173
http://mo-ld.org/resource/humanmine_Gene	http://mo-ld.org/mine_vocabulary:hasPublication	2104080	82173
http://mo-ld.org/resource/humanmine_GOAnnotation	http://www.w3.org/1999/02/22-rdf-syntax-ns#type	2052020	1026010
http://mo-ld.org/resource/humanmine_BioEntity	http://mo-ld.org/mine_vocabulary:hasSOTerm	2003978	2003978
http://mo-ld.org/resource/humanmine_SequenceFeature	http://mo-ld.org/mine_vocabulary:hasSOTerm	1949072	1949072
http://mo-ld.org/resource/humanmine_BioEntity	http://mo-ld.org/mine_vocabulary:hasSequence	1941841	1941841
http://mo-ld.org/resource/humanmine_Region	http://mo-ld.org/mine_vocabulary:hasOrganism	1940845	1940845
http://mo-ld.org/resource/humanmine_Region	http://mo-ld.org/mine_vocabulary:hasPrimaryIdentifier	1940551	1940551
http://mo-ld.org/resource/humanmine_Region	http://mo-ld.org/mine_vocabulary:hasSOTerm	1940261	1940261
http://mo-ld.org/resource/humanmine_BioEntity	http://www.w3.org/2000/01/rdf-schema#label	1883430	1883430
http://mo-ld.org/resource/humanmine_Region	http://mo-ld.org/mine_vocabulary:hasLength	1783499	1783499
http://mo-ld.org/resource/humanmine_SequenceFeature	http://mo-ld.org/mine_vocabulary:hasSequence	1783492	1783492
http://mo-ld.org/resource/humanmine_Region	http://mo-ld.org/mine_vocabulary:hasSequence	1783492	1783492
http://mo-ld.org/resource/humanmine_Region	http://mo-ld.org/mine_vocabulary:hasChromosome	1783474	1783474
http://mo-ld.org/resource/humanmine_Region	http://www.w3.org/2000/01/rdf-schema#label	1643495	1643495
http://mo-ld.org/resource/humanmine_SequenceFeature	http://www.w3.org/2000/01/rdf-schema#label	1643495	1643495
http://mo-ld.org/resource/humanmine_SequenceFeature	http://mo-ld.org/mine_vocabulary:hasExon	1602324	142390
http://mo-ld.org/resource/humanmine_BioEntity	http://mo-ld.org/mine_vocabulary:hasExon	1602324	142390
http://mo-ld.org/resource/humanmine_Region	http://mo-ld.org/mine_vocabulary:hasExon	1602324	142390
http://mo-ld.org/resource/humanmine_Author	http://www.w3.org/1999/02/22-rdf-syntax-ns#type	1571000	1571000
http://mo-ld.org/resource/humanmine_Author	http://www.w3.org/2000/01/rdf-schema#label	1571000	1571000
http://mo-ld.org/resource/humanmine_Region	http://mo-ld.org/mine_vocabulary:hasTranscript	1487773	1482366
http://mo-ld.org/resource/humanmine_SequenceFeature	http://mo-ld.org/mine_vocabulary:hasTranscript	1487773	1482366
http://mo-ld.org/resource/humanmine_BioEntity	http://mo-ld.org/mine_vocabulary:hasTranscript	1487773	1482366
http://mo-ld.org/resource/humanmine_Exon	http://mo-ld.org/mine_vocabulary:hasOrganism	1484438	1484438
http://mo-ld.org/resource/humanmine_Exon	http://mo-ld.org/mine_vocabulary:hasDataSet	1484438	1484438
http://mo-ld.org/resource/humanmine_Exon	http://mo-ld.org/mine_vocabulary:hasSOTerm	1484438	1484438
http://mo-ld.org/resource/humanmine_Exon	http://mo-ld.org/mine_vocabulary:hasPrimaryIdentifier	1484438	1484438
http://mo-ld.org/resource/humanmine_Exon	http://mo-ld.org/mine_vocabulary:hasLocation	1484414	1484414
http://mo-ld.org/resource/humanmine_Exon	http://mo-ld.org/mine_vocabulary:hasChromosome	1484414	1484414
http://mo-ld.org/resource/humanmine_Exon	http://mo-ld.org/mine_vocabulary:hasLength	1484414	1484414
http://mo-ld.org/resource/humanmine_Exon	http://mo-ld.org/mine_vocabulary:hasSequence	1484414	1484414
http://mo-ld.org/resource/humanmine_Exon	http://www.w3.org/2000/01/rdf-schema#label	1476602	1476602
http://mo-ld.org/resource/humanmine_Transcript	http://mo-ld.org/mine_vocabulary:hasExon	1476599	136623
http://mo-ld.org/resource/humanmine_Exon	http://mo-ld.org/mine_vocabulary:hasTranscript	1476599	1476599
http://mo-ld.org/resource/humanmine_OntologyRelation	http://mo-ld.org/mine_vocabulary:hasDirect	1333028	1333028
http://mo-ld.org/resource/humanmine_OntologyRelation	http://www.w3.org/1999/02/22-rdf-syntax-ns#type	1333028	1333028
http://mo-ld.org/resource/humanmine_OntologyRelation	http://mo-ld.org/mine_vocabulary:hasRelationship	1333028	1333028
http://mo-ld.org/resource/humanmine_OntologyRelation	http://mo-ld.org/mine_vocabulary:hasRedundant	1333028	1333028
http://mo-ld.org/resource/humanmine_BioEntity	http://mo-ld.org/mine_vocabulary:hasGene	1304245	1303316
http://mo-ld.org/resource/humanmine_MRNA	http://mo-ld.org/mine_vocabulary:hasExon	1248208	94334
http://mo-ld.org/resource/humanmine_CrossReference	http://mo-ld.org/mine_vocabulary:hasDataSource	1241123	1241123
http://mo-ld.org/resource/humanmine_CrossReference	http://www.w3.org/1999/02/22-rdf-syntax-ns#type	1241123	1241123
http://mo-ld.org/resource/humanmine_CrossReference	http://mo-ld.org/mine_vocabulary:hasIdentifier	1241123	1241123
http://mo-ld.org/resource/humanmine_Synonym	http://mo-ld.org/mine_vocabulary:hasValue	1166126	1166126
http://mo-ld.org/resource/humanmine_Synonym	http://www.w3.org/1999/02/22-rdf-syntax-ns#type	1166126	1166126
http://mo-ld.org/resource/humanmine_Synonym	http://mo-ld.org/mine_vocabulary:hasDataSet	1166126	1166126
http://mo-ld.org/resource/humanmine_Synonym	http://mo-ld.org/mine_vocabulary:hasBioEntity	1166126	1166126
http://mo-ld.org/resource/humanmine_BioEntity	http://mo-ld.org/mine_vocabulary:hasSynonym	1166126	356483
http://mo-ld.org/resource/humanmine_CDS	http://mo-ld.org/mine_vocabulary:hasLocation	1156163	94913
http://mo-ld.org/resource/humanmine_SequenceFeature	http://mo-ld.org/mine_vocabulary:hasGene	1150979	1150979
http://mo-ld.org/resource/humanmine_Gene	http://mo-ld.org/mine_vocabulary:hasProteinAtlasExpression	1147812	14428
http://mo-ld.org/resource/humanmine_ProteinAtlasExpression	http://mo-ld.org/mine_vocabulary:hasExpressionType	1147812	1147812
http://mo-ld.org/resource/humanmine_ProteinAtlasExpression	http://mo-ld.org/mine_vocabulary:hasReliability	1147812	1147812
http://mo-ld.org/resource/humanmine_Tissue	http://mo-ld.org/mine_vocabulary:hasProteinAtlasExpression	1147812	48
http://mo-ld.org/resource/humanmine_ProteinAtlasExpression	http://mo-ld.org/mine_vocabulary:hasCellType	1147812	1147812
http://mo-ld.org/resource/humanmine_ProteinAtlasExpression	http://www.w3.org/1999/02/22-rdf-syntax-ns#type	1147812	1147812
http://mo-ld.org/resource/humanmine_ProteinAtlasExpression	http://mo-ld.org/mine_vocabulary:hasTissue	1147812	1147812
http://mo-ld.org/resource/humanmine_Region	http://mo-ld.org/mine_vocabulary:hasProteinAtlasExpression	1147812	14428
http://mo-ld.org/resource/humanmine_ProteinAtlasExpression	http://mo-ld.org/mine_vocabulary:hasLevel	1147812	1147812
http://mo-ld.org/resource/humanmine_SequenceFeature	http://mo-ld.org/mine_vocabulary:hasProteinAtlasExpression	1147812	14428
http://mo-ld.org/resource/humanmine_BioEntity	http://mo-ld.org/mine_vocabulary:hasProteinAtlasExpression	1147812	14428
http://mo-ld.org/resource/humanmine_ProteinAtlasExpression	http://mo-ld.org/mine_vocabulary:hasGene	1147812	1147812
http://mo-ld.org/resource/humanmine_BioEntity	http://mo-ld.org/mine_vocabulary:hasProteinDomainRegion	1106556	68583
http://mo-ld.org/resource/humanmine_OntologyAnnotation	http://mo-ld.org/mine_vocabulary:hasDataSet	1104413	1104413
http://mo-ld.org/resource/humanmine_Homologue	http://mo-ld.org/mine_vocabulary:hasGene	1095832	547918
http://mo-ld.org/resource/humanmine_Protein	http://mo-ld.org/mine_vocabulary:hasOntologyTerm	1077003	140405
http://mo-ld.org/resource/humanmine_BioEntity	http://mo-ld.org/mine_vocabulary:hasOntologyTerm	1077003	140405
http://mo-ld.org/resource/humanmine_CrossReference	http://www.w3.org/2004/02/skos/core#exactMatch	1048576	1048576
http://mo-ld.org/resource/humanmine_GOTerm	http://mo-ld.org/mine_vocabulary:hasOntologyAnnotation	1026010	17750
http://mo-ld.org/resource/humanmine_GOAnnotation	http://mo-ld.org/mine_vocabulary:hasDataSet	1026010	1026010
http://mo-ld.org/resource/humanmine_OntologyAnnotation	http://mo-ld.org/mine_vocabulary:hasOntologyTerm	1026010	1026010
http://mo-ld.org/resource/humanmine_GOAnnotation	http://mo-ld.org/mine_vocabulary:hasOntologyTerm	1026010	1026010
http://mo-ld.org/resource/humanmine_OntologyTerm	http://mo-ld.org/mine_vocabulary:hasOntologyAnnotation	1026010	17750
http://mo-ld.org/resource/humanmine_OntologyAnnotation	http://mo-ld.org/mine_vocabulary:hasBioEntity	1024210	1024210
http://mo-ld.org/resource/humanmine_GOAnnotation	http://mo-ld.org/mine_vocabulary:hasBioEntity	1024210	1024210
http://mo-ld.org/resource/humanmine_BioEntity	http://mo-ld.org/mine_vocabulary:hasOntologyAnnotation	1024210	91029
http://mo-ld.org/resource/humanmine_Region	http://mo-ld.org/mine_vocabulary:hasGeneFlankingRegion	1014080	50651
http://mo-ld.org/resource/humanmine_GeneFlankingRegion	http://mo-ld.org/mine_vocabulary:hasDirection	1014080	1014080
http://mo-ld.org/resource/humanmine_BioEntity	http://mo-ld.org/mine_vocabulary:hasDirection	1014080	1014080
http://mo-ld.org/resource/humanmine_SequenceFeature	http://mo-ld.org/mine_vocabulary:hasIncludeGene	1014080	1014080
http://mo-ld.org/resource/humanmine_GeneFlankingRegion	http://mo-ld.org/mine_vocabulary:hasDistance	1014080	1014080
http://mo-ld.org/resource/humanmine_GeneFlankingRegion	http://mo-ld.org/mine_vocabulary:hasGene	1014080	1014080
http://mo-ld.org/resource/humanmine_Gene	http://mo-ld.org/mine_vocabulary:hasGeneFlankingRegion	1014080	50651
http://mo-ld.org/resource/humanmine_GeneFlankingRegion	http://mo-ld.org/mine_vocabulary:hasLength	1014080	1014080
http://mo-ld.org/resource/humanmine_GeneFlankingRegion	http://mo-ld.org/mine_vocabulary:hasLocation	1014080	1014080
http://mo-ld.org/resource/humanmine_BioEntity	http://mo-ld.org/mine_vocabulary:hasIncludeGene	1014080	1014080
http://mo-ld.org/resource/humanmine_SequenceFeature	http://mo-ld.org/mine_vocabulary:hasDirection	1014080	1014080
http://mo-ld.org/resource/humanmine_GeneFlankingRegion	http://mo-ld.org/mine_vocabulary:hasOrganism	1014080	1014080
http://mo-ld.org/resource/humanmine_GeneFlankingRegion	http://mo-ld.org/mine_vocabulary:hasIncludeGene	1014080	1014080
http://mo-ld.org/resource/humanmine_BioEntity	http://mo-ld.org/mine_vocabulary:hasDistance	1014080	1014080
http://mo-ld.org/resource/humanmine_GeneFlankingRegion	http://mo-ld.org/mine_vocabulary:hasPrimaryIdentifier	1014080	1014080
http://mo-ld.org/resource/humanmine_BioEntity	http://mo-ld.org/mine_vocabulary:hasGeneFlankingRegion	1014080	50651
http://mo-ld.org/resource/humanmine_SequenceFeature	http://mo-ld.org/mine_vocabulary:hasDistance	1014080	1014080
http://mo-ld.org/resource/humanmine_SequenceFeature	http://mo-ld.org/mine_vocabulary:hasGeneFlankingRegion	1014080	50651
http://mo-ld.org/resource/humanmine_GeneFlankingRegion	http://mo-ld.org/mine_vocabulary:hasChromosome	1014080	1014080
http://mo-ld.org/resource/humanmine_GOAnnotation	http://mo-ld.org/mine_vocabulary:hasGOEvidence	941381	913770
http://mo-ld.org/resource/humanmine_OntologyAnnotation	http://mo-ld.org/mine_vocabulary:hasGOEvidence	941381	913770
http://mo-ld.org/resource/humanmine_Interaction	http://mo-ld.org/mine_vocabulary:hasBioEntity	919951	460005
http://mo-ld.org/resource/humanmine_Gene	http://www.w3.org/1999/02/22-rdf-syntax-ns#type	831736	207934
http://mo-ld.org/resource/humanmine_InteractionDetail	http://mo-ld.org/mine_vocabulary:hasRelationshipType	817491	817491
http://mo-ld.org/resource/humanmine_InteractionDetail	http://mo-ld.org/mine_vocabulary:hasInteraction	817491	817491
http://mo-ld.org/resource/humanmine_InteractionDetail	http://www.w3.org/1999/02/22-rdf-syntax-ns#type	817491	817491
http://mo-ld.org/resource/humanmine_InteractionDetail	http://mo-ld.org/mine_vocabulary:hasType	817491	817491
http://mo-ld.org/resource/humanmine_InteractionDetail	http://mo-ld.org/mine_vocabulary:hasDataSet	817491	817491
http://mo-ld.org/resource/humanmine_Interaction	http://mo-ld.org/mine_vocabulary:hasInteractionDetail	817491	459971
http://mo-ld.org/resource/humanmine_InteractionDetail	http://www.w3.org/2000/01/rdf-schema#label	816771	816771
http://mo-ld.org/resource/humanmine_InteractionDetail	http://mo-ld.org/mine_vocabulary:hasRole1	816771	816771
http://mo-ld.org/resource/humanmine_InteractionExperiment	http://mo-ld.org/mine_vocabulary:hasInteractionDetail	816771	39314
http://mo-ld.org/resource/humanmine_InteractionDetail	http://mo-ld.org/mine_vocabulary:hasRole2	816771	816771
http://mo-ld.org/resource/humanmine_InteractionDetail	http://mo-ld.org/mine_vocabulary:hasInteractionExperiment	816771	816771
http://mo-ld.org/mine_type:PubMedId	http://www.w3.org/1999/02/22-rdf-syntax-ns#type	751025	751025
http://mo-ld.org/mine_type:PubMedId	http://www.w3.org/1999/02/22-rdf-syntax-ns#value	751025	751025
http://mo-ld.org/resource/humanmine_Publication	http://mo-ld.org/mine_vocabulary:hasPubMedId	751025	751025
http://mo-ld.org/resource/humanmine_Publication	http://www.w3.org/1999/02/22-rdf-syntax-ns#type	751025	751025
http://mo-ld.org/resource/humanmine_Publication	http://mo-ld.org/mine_vocabulary:hasJournal	749672	749672
http://mo-ld.org/resource/humanmine_Publication	http://mo-ld.org/mine_vocabulary:hasTitle	749672	749672
http://mo-ld.org/resource/humanmine_Publication	http://mo-ld.org/mine_vocabulary:hasFirstAuthor	749507	749507
http://mo-ld.org/resource/humanmine_Publication	http://mo-ld.org/mine_vocabulary:hasPages	749167	749167
http://mo-ld.org/mine_type:Title	http://www.w3.org/1999/02/22-rdf-syntax-ns#type	749134	749134
http://mo-ld.org/mine_type:Title	http://www.w3.org/1999/02/22-rdf-syntax-ns#value	749134	749134
http://mo-ld.org/resource/humanmine_Publication	http://mo-ld.org/mine_vocabulary:hasVolume	749053	749053
http://mo-ld.org/resource/humanmine_Protein	http://mo-ld.org/mine_vocabulary:hasPublication	743876	137147
http://mo-ld.org/mine_type:Value	http://www.w3.org/1999/02/22-rdf-syntax-ns#type	736516	736516
http://mo-ld.org/mine_type:Value	http://www.w3.org/1999/02/22-rdf-syntax-ns#value	736516	736516
http://mo-ld.org/resource/humanmine_Publication	http://mo-ld.org/mine_vocabulary:hasYear	736019	736019
http://mo-ld.org/resource/humanmine_Publication	http://mo-ld.org/mine_vocabulary:hasAbstractText	721009	721009
http://mo-ld.org/mine_type:AbstractText	http://www.w3.org/1999/02/22-rdf-syntax-ns#type	720625	720625
http://mo-ld.org/mine_type:AbstractText	http://www.w3.org/1999/02/22-rdf-syntax-ns#value	720625	720625
http://mo-ld.org/resource/humanmine_Publication	http://mo-ld.org/mine_vocabulary:hasIssue	715720	715720
http://mo-ld.org/mine_type:End	http://www.w3.org/1999/02/22-rdf-syntax-ns#value	713778	713778
http://mo-ld.org/mine_type:End	http://www.w3.org/1999/02/22-rdf-syntax-ns#type	713778	713778
http://mo-ld.org/mine_type:Start	http://www.w3.org/1999/02/22-rdf-syntax-ns#value	711823	711823
http://mo-ld.org/mine_type:Start	http://www.w3.org/1999/02/22-rdf-syntax-ns#type	711823	711823
http://mo-ld.org/resource/humanmine_CrossReference	http://mo-ld.org/mine_vocabulary:hasBioEntity	693205	693205
http://mo-ld.org/resource/humanmine_BioEntity	http://mo-ld.org/mine_vocabulary:hasCrossReference	693205	255465
http://mo-ld.org/resource/humanmine_Protein	http://mo-ld.org/mine_vocabulary:hasUniProtFeature	675962	68350
http://mo-ld.org/resource/humanmine_UniProtFeature	http://mo-ld.org/mine_vocabulary:hasOntologyTerm	675962	675962
http://mo-ld.org/resource/humanmine_BioEntity	http://mo-ld.org/mine_vocabulary:hasUniProtFeature	675962	68350
http://mo-ld.org/resource/humanmine_UniProtFeature	http://www.w3.org/1999/02/22-rdf-syntax-ns#type	675962	675962
http://mo-ld.org/resource/humanmine_UniProtFeature	http://mo-ld.org/mine_vocabulary:hasProtein	675962	675962
http://mo-ld.org/resource/humanmine_UniProtFeature	http://mo-ld.org/mine_vocabulary:hasType	675962	675962
http://mo-ld.org/resource/humanmine_UniProtFeature	http://mo-ld.org/mine_vocabulary:hasBegin	675759	675759
http://mo-ld.org/resource/humanmine_UniProtFeature	http://mo-ld.org/mine_vocabulary:hasEnd	675697	675697
http://mo-ld.org/resource/humanmine_GOEvidence	http://mo-ld.org/mine_vocabulary:hasGOEvidenceCode	673177	673177
http://mo-ld.org/resource/humanmine_GOEvidence	http://www.w3.org/1999/02/22-rdf-syntax-ns#type	673177	673177
http://mo-ld.org/resource/humanmine_Transcript	http://www.w3.org/1999/02/22-rdf-syntax-ns#type	672406	136624
http://mo-ld.org/resource/humanmine_Publication	http://mo-ld.org/mine_vocabulary:hasMonth	660090	660090
http://mo-ld.org/resource/humanmine_Gene	http://mo-ld.org/mine_vocabulary:hasDataSet	641280	207934
http://mo-ld.org/mine_type:Residues	http://www.w3.org/1999/02/22-rdf-syntax-ns#value	604806	604806
http://mo-ld.org/mine_type:Residues	http://www.w3.org/1999/02/22-rdf-syntax-ns#type	604806	604806
http://mo-ld.org/resource/humanmine_Gene	http://mo-ld.org/mine_vocabulary:hasOntologyAnnotation	600982	42159
http://mo-ld.org/resource/humanmine_Region	http://mo-ld.org/mine_vocabulary:hasGOAnnotation	600982	42159
http://mo-ld.org/resource/humanmine_SequenceFeature	http://mo-ld.org/mine_vocabulary:hasGOAnnotation	600982	42159
http://mo-ld.org/resource/humanmine_Gene	http://mo-ld.org/mine_vocabulary:hasGOAnnotation	600982	42159
http://mo-ld.org/resource/humanmine_BioEntity	http://mo-ld.org/mine_vocabulary:hasGOAnnotation	600982	42159
http://mo-ld.org/resource/humanmine_SequenceFeature	http://mo-ld.org/mine_vocabulary:hasOntologyAnnotation	600982	42159
http://mo-ld.org/resource/humanmine_Region	http://mo-ld.org/mine_vocabulary:hasOntologyAnnotation	600982	42159
http://mo-ld.org/resource/humanmine_Protein	http://mo-ld.org/mine_vocabulary:hasSynonym	592076	72885
http://mo-ld.org/resource/humanmine_SequenceFeature	http://mo-ld.org/mine_vocabulary:hasSynonym	574050	283598
http://mo-ld.org/resource/humanmine_Region	http://mo-ld.org/mine_vocabulary:hasSynonym	574050	283598
http://mo-ld.org/mine_type:Identifier	http://www.w3.org/1999/02/22-rdf-syntax-ns#value	573019	573019
http://mo-ld.org/mine_type:Identifier	http://www.w3.org/1999/02/22-rdf-syntax-ns#type	573019	573019
http://mo-ld.org/resource/humanmine_ProteinDomainRegion	http://www.w3.org/1999/02/22-rdf-syntax-ns#type	553278	553278
http://mo-ld.org/resource/humanmine_ProteinDomainRegion	http://mo-ld.org/mine_vocabulary:hasProtein	553278	553278
http://mo-ld.org/resource/humanmine_ProteinDomainRegion	http://mo-ld.org/mine_vocabulary:hasIdentifier	553278	553278
http://mo-ld.org/resource/humanmine_ProteinDomainRegion	http://mo-ld.org/mine_vocabulary:hasEnd	553278	553278
http://mo-ld.org/resource/humanmine_Protein	http://mo-ld.org/mine_vocabulary:hasProteinDomainRegion	553278	57857
http://mo-ld.org/resource/humanmine_ProteinDomain	http://mo-ld.org/mine_vocabulary:hasProteinDomainRegion	553278	10726
http://mo-ld.org/resource/humanmine_ProteinDomainRegion	http://mo-ld.org/mine_vocabulary:hasDatabase	553278	553278
http://mo-ld.org/resource/humanmine_ProteinDomainRegion	http://mo-ld.org/mine_vocabulary:hasProteinDomain	553278	553278
http://mo-ld.org/resource/humanmine_ProteinDomainRegion	http://mo-ld.org/mine_vocabulary:hasStart	553278	553278
http://mo-ld.org/resource/humanmine_Gene	http://mo-ld.org/mine_vocabulary:hasHomologue	547918	91809
http://mo-ld.org/resource/humanmine_SequenceFeature	http://mo-ld.org/mine_vocabulary:hasHomologue	547918	91809
http://mo-ld.org/resource/humanmine_Homologue	http://mo-ld.org/mine_vocabulary:hasType	547918	547918
http://mo-ld.org/resource/humanmine_Region	http://mo-ld.org/mine_vocabulary:hasHomologue	547918	91809
http://mo-ld.org/resource/humanmine_Homologue	http://mo-ld.org/mine_vocabulary:hasCrossReference	547918	547918
http://mo-ld.org/resource/humanmine_Homologue	http://www.w3.org/1999/02/22-rdf-syntax-ns#type	547918	547918
http://mo-ld.org/resource/humanmine_Homologue	http://mo-ld.org/mine_vocabulary:hasDataSet	547918	547918
http://mo-ld.org/resource/humanmine_BioEntity	http://mo-ld.org/mine_vocabulary:hasHomologue	547918	91809
http://mo-ld.org/resource/humanmine_Homologue	http://mo-ld.org/mine_vocabulary:hasOrthologueEvidence	547918	547918
http://mo-ld.org/resource/humanmine_Publication	http://mo-ld.org/mine_vocabulary:hasDoi	547499	547499
http://mo-ld.org/mine_type:Doi	http://www.w3.org/1999/02/22-rdf-syntax-ns#value	547372	547372
http://mo-ld.org/mine_type:Doi	http://www.w3.org/1999/02/22-rdf-syntax-ns#type	547372	547372
http://mo-ld.org/resource/humanmine_UniProtFeature	http://mo-ld.org/mine_vocabulary:hasDescription	498725	498725
http://mo-ld.org/resource/humanmine_Protein	http://mo-ld.org/mine_vocabulary:hasComment	474481	116446
http://mo-ld.org/resource/humanmine_BioEntity	http://mo-ld.org/mine_vocabulary:hasComment	474481	116446
http://mo-ld.org/resource/humanmine_MRNA	http://www.w3.org/1999/02/22-rdf-syntax-ns#type	471670	94334
http://mo-ld.org/resource/humanmine_GOEvidence	http://mo-ld.org/mine_vocabulary:hasWithText	463035	463035
http://mo-ld.org/resource/humanmine_BioEntity	http://mo-ld.org/mine_vocabulary:hasInteraction	460005	22261
http://mo-ld.org/resource/humanmine_Interaction	http://www.w3.org/1999/02/22-rdf-syntax-ns#type	460005	460005
http://mo-ld.org/resource/humanmine_Region	http://mo-ld.org/mine_vocabulary:hasInteraction	459286	22008
http://mo-ld.org/resource/humanmine_SequenceFeature	http://mo-ld.org/mine_vocabulary:hasInteraction	459286	22008
http://mo-ld.org/resource/humanmine_Gene	http://mo-ld.org/mine_vocabulary:hasInteraction	459285	22007
http://mo-ld.org/mine_type:FirstAuthor	http://www.w3.org/1999/02/22-rdf-syntax-ns#type	445513	445513
http://mo-ld.org/mine_type:FirstAuthor	http://www.w3.org/1999/02/22-rdf-syntax-ns#value	445513	445513
http://mo-ld.org/resource/humanmine_BioEntity	http://mo-ld.org/mine_vocabulary:hasSymbol	438696	438696
http://mo-ld.org/resource/humanmine_Protein	http://mo-ld.org/mine_vocabulary:hasOntologyAnnotation	423228	48870
http://mo-ld.org/mine_type:Symbol	http://www.w3.org/1999/02/22-rdf-syntax-ns#type	419230	419230
http://mo-ld.org/mine_type:Symbol	http://www.w3.org/1999/02/22-rdf-syntax-ns#value	419230	419230
http://mo-ld.org/resource/humanmine_SequenceFeature	http://mo-ld.org/mine_vocabulary:hasSymbol	383790	383790
http://mo-ld.org/resource/humanmine_Region	http://mo-ld.org/mine_vocabulary:hasSymbol	383790	383790
http://mo-ld.org/resource/humanmine_CDS	http://www.w3.org/1999/02/22-rdf-syntax-ns#type	379704	94926
http://mo-ld.org/resource/humanmine_Protein	http://mo-ld.org/mine_vocabulary:hasCrossReference	379554	121603
http://mo-ld.org/resource/humanmine_BioEntity	http://mo-ld.org/mine_vocabulary:hasPathway	377011	34867
http://mo-ld.org/resource/humanmine_Protein	http://www.w3.org/1999/02/22-rdf-syntax-ns#type	358024	179012
http://mo-ld.org/resource/humanmine_Gene	http://mo-ld.org/mine_vocabulary:hasSynonym	346312	55860
http://mo-ld.org/resource/humanmine_Comment	http://mo-ld.org/mine_vocabulary:hasDescription	322763	322763
http://mo-ld.org/resource/humanmine_Comment	http://mo-ld.org/mine_vocabulary:hasType	322763	322763
http://mo-ld.org/resource/humanmine_Comment	http://www.w3.org/1999/02/22-rdf-syntax-ns#type	322763	322763
http://mo-ld.org/resource/humanmine_Protein	http://mo-ld.org/mine_vocabulary:hasDataSet	320093	179012
http://mo-ld.org/mine_type:Description	http://www.w3.org/1999/02/22-rdf-syntax-ns#value	308477	308477
http://mo-ld.org/mine_type:Description	http://www.w3.org/1999/02/22-rdf-syntax-ns#type	308477	308477
http://mo-ld.org/resource/humanmine_Region	http://mo-ld.org/mine_vocabulary:hasCrossReference	274373	105400
http://mo-ld.org/resource/humanmine_Gene	http://mo-ld.org/mine_vocabulary:hasCrossReference	274373	105400
http://mo-ld.org/resource/humanmine_SequenceFeature	http://mo-ld.org/mine_vocabulary:hasCrossReference	274373	105400
http://mo-ld.org/resource/humanmine_Genotype	http://mo-ld.org/mine_vocabulary:hasMammalianPhenotypeTerm	268733	53359
http://mo-ld.org/resource/humanmine_GOEvidence	http://mo-ld.org/mine_vocabulary:hasPublication	208605	189571
http://mo-ld.org/resource/humanmine_Gene	http://mo-ld.org/mine_vocabulary:hasOrganism	207934	207934
http://mo-ld.org/resource/humanmine_Gene	http://mo-ld.org/mine_vocabulary:hasSOTerm	207934	207934
http://mo-ld.org/resource/humanmine_Gene	http://mo-ld.org/mine_vocabulary:hasPrimaryIdentifier	207640	207640
http://mo-ld.org/resource/humanmine_HPOTerm	http://mo-ld.org/mine_vocabulary:hasOntologyRelation	201756	10088
http://mo-ld.org/resource/humanmine_Pathway	http://mo-ld.org/mine_vocabulary:hasGene	194870	3386
http://mo-ld.org/resource/humanmine_Region	http://mo-ld.org/mine_vocabulary:hasPathway	194870	18224
http://mo-ld.org/resource/humanmine_SequenceFeature	http://mo-ld.org/mine_vocabulary:hasPathway	194870	18224
http://mo-ld.org/resource/humanmine_Gene	http://mo-ld.org/mine_vocabulary:hasPathway	194870	18224
http://mo-ld.org/resource/humanmine_BioEntity	http://mo-ld.org/mine_vocabulary:hasSecondaryIdentifier	193447	193447
http://mo-ld.org/mine_type:SecondaryIdentifier	http://www.w3.org/1999/02/22-rdf-syntax-ns#type	193291	193291
http://mo-ld.org/mine_type:SecondaryIdentifier	http://www.w3.org/1999/02/22-rdf-syntax-ns#value	193291	193291
http://mo-ld.org/mine_type:Pages	http://www.w3.org/1999/02/22-rdf-syntax-ns#type	182986	182986
http://mo-ld.org/mine_type:Pages	http://www.w3.org/1999/02/22-rdf-syntax-ns#value	182986	182986
http://mo-ld.org/resource/humanmine_MammalianPhenotypeTerm	http://mo-ld.org/mine_vocabulary:hasOntologyRelation	182538	11048
http://mo-ld.org/resource/humanmine_Protein	http://mo-ld.org/mine_vocabulary:hasPathway	182141	16643
http://mo-ld.org/resource/humanmine_Pathway	http://mo-ld.org/mine_vocabulary:hasProtein	182141	3171
http://mo-ld.org/resource/humanmine_BioEntity	http://mo-ld.org/mine_vocabulary:hasPrimaryAccession	179012	179012
http://mo-ld.org/mine_type:PrimaryAccession	http://www.w3.org/1999/02/22-rdf-syntax-ns#type	179012	179012
http://mo-ld.org/mine_type:PrimaryAccession	http://www.w3.org/1999/02/22-rdf-syntax-ns#value	179012	179012
http://mo-ld.org/resource/humanmine_Protein	http://mo-ld.org/mine_vocabulary:hasPrimaryAccession	179012	179012
http://mo-ld.org/resource/humanmine_Protein	http://mo-ld.org/mine_vocabulary:hasOrganism	175954	175954
http://mo-ld.org/resource/humanmine_Allele	http://www.w3.org/1999/02/22-rdf-syntax-ns#type	164718	54906
http://mo-ld.org/resource/humanmine_SequenceCollection	http://www.w3.org/1999/02/22-rdf-syntax-ns#type	164718	54906
http://mo-ld.org/resource/humanmine_Protein	http://mo-ld.org/mine_vocabulary:hasMd5checksum	158349	158349
http://mo-ld.org/resource/humanmine_BioEntity	http://mo-ld.org/mine_vocabulary:hasMd5checksum	158349	158349
http://mo-ld.org/resource/humanmine_Protein	http://mo-ld.org/mine_vocabulary:hasLength	158349	158349
http://mo-ld.org/resource/humanmine_Protein	http://mo-ld.org/mine_vocabulary:hasSequence	158349	158349
http://mo-ld.org/resource/humanmine_Sequence	http://mo-ld.org/mine_vocabulary:hasMd5checksum	157951	157951
http://mo-ld.org/resource/humanmine_OntologyTerm	http://www.w3.org/1999/02/22-rdf-syntax-ns#type	157120	79241
http://mo-ld.org/resource/humanmine_HPOAnnotation	http://www.w3.org/1999/02/22-rdf-syntax-ns#type	156806	78403
http://mo-ld.org/resource/humanmine_Protein	http://mo-ld.org/mine_vocabulary:hasPrimaryIdentifier	156558	156558
http://mo-ld.org/resource/humanmine_Protein	http://mo-ld.org/mine_vocabulary:hasIsFragment	156556	156556
http://mo-ld.org/resource/humanmine_BioEntity	http://mo-ld.org/mine_vocabulary:hasIsFragment	156556	156556
http://mo-ld.org/resource/humanmine_Protein	http://mo-ld.org/mine_vocabulary:hasSecondaryIdentifier	156556	156556
http://mo-ld.org/resource/humanmine_Protein	http://www.w3.org/2000/01/rdf-schema#label	156556	156556
http://mo-ld.org/resource/humanmine_Protein	http://mo-ld.org/mine_vocabulary:hasIsUniprotCanonical	156556	156556
http://mo-ld.org/resource/humanmine_Protein	http://mo-ld.org/mine_vocabulary:hasUniprotName	156556	156556
http://mo-ld.org/resource/humanmine_BioEntity	http://mo-ld.org/mine_vocabulary:hasIsUniprotCanonical	156556	156556
http://mo-ld.org/resource/humanmine_BioEntity	http://mo-ld.org/mine_vocabulary:hasUniprotName	156556	156556
http://mo-ld.org/resource/humanmine_BioEntity	http://mo-ld.org/mine_vocabulary:hasUniprotAccession	156556	156556
http://mo-ld.org/resource/humanmine_Protein	http://mo-ld.org/mine_vocabulary:hasUniprotAccession	156556	156556
http://mo-ld.org/mine_type:Md5checksum	http://www.w3.org/1999/02/22-rdf-syntax-ns#value	156546	156546
http://mo-ld.org/mine_type:Md5checksum	http://www.w3.org/1999/02/22-rdf-syntax-ns#type	156546	156546
http://mo-ld.org/resource/humanmine_Gene	http://mo-ld.org/mine_vocabulary:hasSymbol	156052	156052
http://mo-ld.org/resource/humanmine_Gene	http://www.w3.org/2000/01/rdf-schema#label	155719	155719
http://mo-ld.org/resource/humanmine_OntologyTerm	http://mo-ld.org/mine_vocabulary:hasOntologyTermSynonym	148568	41359
http://mo-ld.org/resource/humanmine_OntologyTermSynonym	http://www.w3.org/2000/01/rdf-schema#label	147359	147359
http://mo-ld.org/resource/humanmine_OntologyTermSynonym	http://www.w3.org/1999/02/22-rdf-syntax-ns#type	147359	147359
http://mo-ld.org/resource/humanmine_NcRNA	http://www.w3.org/1999/02/22-rdf-syntax-ns#type	146635	29235
http://mo-ld.org/resource/humanmine_OntologyTermSynonym	http://mo-ld.org/mine_vocabulary:hasType	145938	145938
http://mo-ld.org/resource/humanmine_Region	http://mo-ld.org/mine_vocabulary:hasGene	136899	136899
http://mo-ld.org/resource/humanmine_Transcript	http://mo-ld.org/mine_vocabulary:hasPrimaryIdentifier	136624	136624
http://mo-ld.org/resource/humanmine_Transcript	http://mo-ld.org/mine_vocabulary:hasDataSet	136624	136624
http://mo-ld.org/resource/humanmine_Transcript	http://mo-ld.org/mine_vocabulary:hasSOTerm	136624	136624
http://mo-ld.org/resource/humanmine_Transcript	http://mo-ld.org/mine_vocabulary:hasOrganism	136624	136624
http://mo-ld.org/resource/humanmine_Transcript	http://mo-ld.org/mine_vocabulary:hasLocation	136601	136600
http://mo-ld.org/resource/humanmine_Transcript	http://mo-ld.org/mine_vocabulary:hasLength	136599	136599
http://mo-ld.org/resource/humanmine_Transcript	http://mo-ld.org/mine_vocabulary:hasChromosome	136599	136599
http://mo-ld.org/resource/humanmine_Transcript	http://mo-ld.org/mine_vocabulary:hasSequence	136599	136599
http://mo-ld.org/resource/humanmine_BioEntity	http://mo-ld.org/mine_vocabulary:hasProtein	135571	72073
http://mo-ld.org/resource/humanmine_OntologyTerm	http://www.w3.org/2000/01/rdf-schema#label	133903	67586
http://mo-ld.org/resource/humanmine_Transcript	http://mo-ld.org/mine_vocabulary:hasSynonym	133391	133391
http://mo-ld.org/resource/humanmine_Transcript	http://mo-ld.org/mine_vocabulary:hasSymbol	133391	133391
http://mo-ld.org/mine_type:UniprotAccession	http://www.w3.org/1999/02/22-rdf-syntax-ns#value	126801	126801
http://mo-ld.org/mine_type:UniprotName	http://www.w3.org/1999/02/22-rdf-syntax-ns#value	126801	126801
http://mo-ld.org/resource/humanmine_Protein	http://mo-ld.org/mine_vocabulary:hasMolecularWeight	126801	126801
http://mo-ld.org/mine_type:UniprotAccession	http://www.w3.org/1999/02/22-rdf-syntax-ns#type	126801	126801
http://mo-ld.org/resource/humanmine_BioEntity	http://mo-ld.org/mine_vocabulary:hasMolecularWeight	126801	126801
http://mo-ld.org/mine_type:UniprotName	http://www.w3.org/1999/02/22-rdf-syntax-ns#type	126801	126801
http://mo-ld.org/resource/humanmine_Exon	http://mo-ld.org/mine_vocabulary:hasGene	125725	125725
http://mo-ld.org/resource/humanmine_Gene	http://mo-ld.org/mine_vocabulary:hasExon	125725	5767
http://mo-ld.org/resource/humanmine_GOTerm	http://mo-ld.org/mine_vocabulary:hasOntologyTermSynonym	113310	27750
http://mo-ld.org/mine_type:Length	http://www.w3.org/1999/02/22-rdf-syntax-ns#value	109547	109547
http://mo-ld.org/mine_type:Length	http://www.w3.org/1999/02/22-rdf-syntax-ns#type	109547	109547
http://mo-ld.org/resource/humanmine_SequenceFeature	http://mo-ld.org/mine_vocabulary:hasProtein	105816	42318
http://mo-ld.org/resource/humanmine_Protein	http://mo-ld.org/mine_vocabulary:hasGene	105816	104887
http://mo-ld.org/resource/humanmine_Region	http://mo-ld.org/mine_vocabulary:hasProtein	105816	42318
http://mo-ld.org/resource/humanmine_Gene	http://mo-ld.org/mine_vocabulary:hasProtein	105816	42318
http://mo-ld.org/resource/humanmine_NcRNA	http://mo-ld.org/mine_vocabulary:hasExon	100785	29234
http://mo-ld.org/resource/humanmine_CDS	http://mo-ld.org/mine_vocabulary:hasSOTerm	94926	94926
http://mo-ld.org/resource/humanmine_CDS	http://mo-ld.org/mine_vocabulary:hasOrganism	94926	94926
http://mo-ld.org/resource/humanmine_CDS	http://mo-ld.org/mine_vocabulary:hasPrimaryIdentifier	94926	94926
http://mo-ld.org/resource/humanmine_CDS	http://mo-ld.org/mine_vocabulary:hasDataSet	94926	94926
http://mo-ld.org/resource/humanmine_CDS	http://mo-ld.org/mine_vocabulary:hasSequence	94913	94913
http://mo-ld.org/resource/humanmine_CDS	http://mo-ld.org/mine_vocabulary:hasLength	94913	94913
http://mo-ld.org/resource/humanmine_CDS	http://mo-ld.org/mine_vocabulary:hasChromosome	94913	94913
http://mo-ld.org/resource/humanmine_CDS	http://mo-ld.org/mine_vocabulary:hasSymbol	94347	94347
http://mo-ld.org/resource/humanmine_CDS	http://mo-ld.org/mine_vocabulary:hasSynonym	94347	94347
http://mo-ld.org/resource/humanmine_MRNA	http://mo-ld.org/mine_vocabulary:hasSynonym	94334	94334
http://mo-ld.org/resource/humanmine_MRNA	http://mo-ld.org/mine_vocabulary:hasSOTerm	94334	94334
http://mo-ld.org/resource/humanmine_MRNA	http://mo-ld.org/mine_vocabulary:hasOrganism	94334	94334
http://mo-ld.org/resource/humanmine_MRNA	http://mo-ld.org/mine_vocabulary:hasSymbol	94334	94334
http://mo-ld.org/resource/humanmine_MRNA	http://mo-ld.org/mine_vocabulary:hasDataSet	94334	94334
http://mo-ld.org/resource/humanmine_MRNA	http://mo-ld.org/mine_vocabulary:hasPrimaryIdentifier	94334	94334
http://mo-ld.org/resource/humanmine_MRNA	http://mo-ld.org/mine_vocabulary:hasLocation	94334	94334
http://mo-ld.org/resource/humanmine_MRNA	http://mo-ld.org/mine_vocabulary:hasSequence	94334	94334
http://mo-ld.org/resource/humanmine_MRNA	http://mo-ld.org/mine_vocabulary:hasLength	94334	94334
http://mo-ld.org/resource/humanmine_MRNA	http://mo-ld.org/mine_vocabulary:hasChromosome	94334	94334
http://mo-ld.org/resource/humanmine_GOTerm	http://www.w3.org/1999/02/22-rdf-syntax-ns#type	84096	42048
http://mo-ld.org/resource/humanmine_GOTerm	http://www.w3.org/2000/01/rdf-schema#label	84087	42045
http://mo-ld.org/resource/humanmine_BioEntity	http://mo-ld.org/mine_vocabulary:hasType	83362	83362
http://mo-ld.org/resource/humanmine_OntologyTerm	http://mo-ld.org/mine_vocabulary:hasOntology	79133	79133
http://mo-ld.org/resource/humanmine_HPOEvidence	http://mo-ld.org/mine_vocabulary:hasAssignedBy	78616	78616
http://mo-ld.org/resource/humanmine_HPOEvidence	http://mo-ld.org/mine_vocabulary:hasGOEvidenceCode	78616	78616
http://mo-ld.org/resource/humanmine_OntologyAnnotation	http://mo-ld.org/mine_vocabulary:hasHPOEvidence	78616	78403
http://mo-ld.org/resource/humanmine_HPOAnnotation	http://mo-ld.org/mine_vocabulary:hasHPOEvidence	78616	78403
http://mo-ld.org/resource/humanmine_HPOEvidence	http://www.w3.org/1999/02/22-rdf-syntax-ns#type	78616	78616
http://mo-ld.org/resource/humanmine_HPOAnnotation	http://mo-ld.org/mine_vocabulary:hasDataSet	78403	78403
http://mo-ld.org/resource/humanmine_OntologyAnnotation	http://mo-ld.org/mine_vocabulary:hasHPOTerm	78403	78403
http://mo-ld.org/resource/humanmine_HPOAnnotation	http://mo-ld.org/mine_vocabulary:hasHPOTerm	78403	78403
http://mo-ld.org/resource/humanmine_Disease	http://mo-ld.org/mine_vocabulary:hasHPOAnnotation	78189	6841
http://mo-ld.org/resource/humanmine_OntologyTerm	http://mo-ld.org/mine_vocabulary:hasIdentifier	77975	77975
http://mo-ld.org/resource/humanmine_OntologyTerm	http://www.w3.org/2004/02/skos/core#exactMatch	77867	77867
http://mo-ld.org/resource/humanmine_HPOEvidence	http://mo-ld.org/mine_vocabulary:hasSource	75641	75641
http://mo-ld.org/resource/humanmine_SequenceCollection	http://mo-ld.org/mine_vocabulary:hasGenotype	73672	34061
http://mo-ld.org/resource/humanmine_BioEntity	http://mo-ld.org/mine_vocabulary:hasGenotype	73672	34061
http://mo-ld.org/resource/humanmine_Allele	http://mo-ld.org/mine_vocabulary:hasGenotype	73672	34061
http://mo-ld.org/resource/humanmine_Genotype	http://mo-ld.org/mine_vocabulary:hasAllele	73672	53358
http://mo-ld.org/resource/humanmine_HPOEvidence	http://mo-ld.org/mine_vocabulary:hasDisease	71909	71909
http://mo-ld.org/resource/humanmine_HPOTerm	http://mo-ld.org/mine_vocabulary:hasDisease	71331	5881
http://mo-ld.org/resource/humanmine_OntologyTerm	http://mo-ld.org/mine_vocabulary:hasDisease	71331	5881
http://mo-ld.org/mine_type:MolecularWeight	http://www.w3.org/1999/02/22-rdf-syntax-ns#type	71002	71002
http://mo-ld.org/mine_type:MolecularWeight	http://www.w3.org/1999/02/22-rdf-syntax-ns#value	71002	71002
http://mo-ld.org/resource/humanmine_OntologyTerm	http://mo-ld.org/mine_vocabulary:hasObsolete	66320	66320
http://mo-ld.org/resource/humanmine_Match	http://www.w3.org/1999/02/22-rdf-syntax-ns#type	65514	16313
http://mo-ld.org/resource/humanmine_BioEntity	http://mo-ld.org/mine_vocabulary:hasDescription	65081	65081
http://mo-ld.org/resource/humanmine_ProteinDomain	http://mo-ld.org/mine_vocabulary:hasPublication	64294	20459
http://mo-ld.org/resource/humanmine_OntologyTerm	http://mo-ld.org/mine_vocabulary:hasDescription	63545	63545
http://mo-ld.org/resource/humanmine_ProteinDomain	http://www.w3.org/1999/02/22-rdf-syntax-ns#type	57428	28714
http://mo-ld.org/resource/humanmine_InteractionExperiment	http://mo-ld.org/mine_vocabulary:hasInteractionTerm	57310	41608
http://mo-ld.org/mine_type:WithText	http://www.w3.org/1999/02/22-rdf-syntax-ns#value	55143	55143
http://mo-ld.org/mine_type:WithText	http://www.w3.org/1999/02/22-rdf-syntax-ns#type	55143	55143
http://mo-ld.org/resource/humanmine_Allele	http://mo-ld.org/mine_vocabulary:hasOrganism	54906	54906
http://mo-ld.org/resource/humanmine_SequenceCollection	http://mo-ld.org/mine_vocabulary:hasDataSet	54906	54906
http://mo-ld.org/resource/humanmine_SequenceCollection	http://mo-ld.org/mine_vocabulary:hasSymbol	54906	54906
http://mo-ld.org/resource/humanmine_Allele	http://mo-ld.org/mine_vocabulary:hasDataSet	54906	54906
http://mo-ld.org/resource/humanmine_Allele	http://mo-ld.org/mine_vocabulary:hasSymbol	54906	54906
http://mo-ld.org/resource/humanmine_SequenceCollection	http://mo-ld.org/mine_vocabulary:hasOrganism	54906	54906
http://mo-ld.org/resource/humanmine_Allele	http://mo-ld.org/mine_vocabulary:hasSOTerm	54906	54906
http://mo-ld.org/resource/humanmine_SequenceCollection	http://mo-ld.org/mine_vocabulary:hasSOTerm	54906	54906
http://mo-ld.org/resource/humanmine_SequenceCollection	http://mo-ld.org/mine_vocabulary:hasPrimaryIdentifier	54900	54900
http://mo-ld.org/resource/humanmine_Allele	http://mo-ld.org/mine_vocabulary:hasPrimaryIdentifier	54900	54900
http://mo-ld.org/resource/humanmine_SequenceCollection	http://mo-ld.org/mine_vocabulary:hasType	54900	54900
http://mo-ld.org/resource/humanmine_SequenceCollection	http://www.w3.org/2000/01/rdf-schema#label	54900	54900
http://mo-ld.org/resource/humanmine_Allele	http://www.w3.org/2000/01/rdf-schema#label	54900	54900
http://mo-ld.org/resource/humanmine_Allele	http://mo-ld.org/mine_vocabulary:hasType	54900	54900
http://mo-ld.org/resource/humanmine_Disease	http://mo-ld.org/mine_vocabulary:hasPublication	54295	4447
http://mo-ld.org/resource/humanmine_Genotype	http://mo-ld.org/mine_vocabulary:hasGeneticBackground	53359	53359
http://mo-ld.org/resource/humanmine_Genotype	http://www.w3.org/1999/02/22-rdf-syntax-ns#type	53359	53359
http://mo-ld.org/resource/humanmine_Genotype	http://mo-ld.org/mine_vocabulary:hasOrganism	53359	53359
http://mo-ld.org/resource/humanmine_Genotype	http://www.w3.org/2000/01/rdf-schema#label	53359	53359
http://mo-ld.org/resource/humanmine_Gene	http://mo-ld.org/mine_vocabulary:hasLocation	50924	50651
http://mo-ld.org/resource/humanmine_Gene	http://mo-ld.org/mine_vocabulary:hasLength	50651	50651
http://mo-ld.org/resource/humanmine_Gene	http://mo-ld.org/mine_vocabulary:hasChromosome	50651	50651
http://mo-ld.org/resource/humanmine_Gene	http://mo-ld.org/mine_vocabulary:hasSequence	50644	50644
http://mo-ld.org/resource/humanmine_GOAnnotation	http://mo-ld.org/mine_vocabulary:hasAnnotationExtension	48516	48516
http://mo-ld.org/resource/humanmine_OntologyAnnotation	http://mo-ld.org/mine_vocabulary:hasAnnotationExtension	48516	48516
http://mo-ld.org/resource/humanmine_OntologyTerm	http://mo-ld.org/mine_vocabulary:hasDataSet	47486	46160
http://mo-ld.org/resource/humanmine_Gene	http://mo-ld.org/mine_vocabulary:hasAllele	47450	18869
http://mo-ld.org/resource/humanmine_BioEntity	http://mo-ld.org/mine_vocabulary:hasAllele	47450	18869
http://mo-ld.org/resource/humanmine_SequenceFeature	http://mo-ld.org/mine_vocabulary:hasAllele	47450	18869
http://mo-ld.org/resource/humanmine_SequenceCollection	http://mo-ld.org/mine_vocabulary:hasGene	47450	47450
http://mo-ld.org/resource/humanmine_Allele	http://mo-ld.org/mine_vocabulary:hasGene	47450	47450
http://mo-ld.org/resource/humanmine_Region	http://mo-ld.org/mine_vocabulary:hasAllele	47450	18869
http://mo-ld.org/resource/humanmine_Genotype	http://mo-ld.org/mine_vocabulary:hasZygosity	46452	46452
http://mo-ld.org/resource/humanmine_MammalianPhenotypeTerm	http://www.w3.org/1999/02/22-rdf-syntax-ns#type	44572	22286
http://mo-ld.org/resource/humanmine_SOTerm	http://mo-ld.org/mine_vocabulary:hasOntologyRelation	42662	1935
http://mo-ld.org/resource/humanmine_GOTerm	http://mo-ld.org/mine_vocabulary:hasIdentifier	42048	42048
http://mo-ld.org/resource/humanmine_GOTerm	http://mo-ld.org/mine_vocabulary:hasObsolete	42045	42045
http://mo-ld.org/resource/humanmine_GOTerm	http://mo-ld.org/mine_vocabulary:hasOntology	42045	42045
http://mo-ld.org/resource/humanmine_GOTerm	http://www.w3.org/2004/02/skos/core#exactMatch	42045	42045
http://mo-ld.org/resource/humanmine_GOTerm	http://mo-ld.org/mine_vocabulary:hasDescription	42044	42044
http://mo-ld.org/resource/humanmine_InteractionExperiment	http://www.w3.org/2000/01/rdf-schema#label	41608	41608
http://mo-ld.org/resource/humanmine_InteractionExperiment	http://www.w3.org/1999/02/22-rdf-syntax-ns#type	41608	41608
http://mo-ld.org/resource/humanmine_InteractionExperiment	http://mo-ld.org/mine_vocabulary:hasPublication	41580	41580
http://mo-ld.org/resource/humanmine_InteractionExperiment	http://mo-ld.org/mine_vocabulary:hasDescription	41275	41275
http://mo-ld.org/resource/humanmine_Allele	http://mo-ld.org/mine_vocabulary:hasPublication	39430	39430
http://mo-ld.org/resource/humanmine_SequenceCollection	http://mo-ld.org/mine_vocabulary:hasPublication	39430	39430
http://mo-ld.org/resource/humanmine_ProteinDomain	http://mo-ld.org/mine_vocabulary:hasCrossReference	39278	28462
http://mo-ld.org/resource/humanmine_BioEntity	http://mo-ld.org/mine_vocabulary:hasBriefDescription	37615	37615
http://mo-ld.org/resource/humanmine_SequenceFeature	http://mo-ld.org/mine_vocabulary:hasBriefDescription	37615	37615
http://mo-ld.org/resource/humanmine_Gene	http://mo-ld.org/mine_vocabulary:hasBriefDescription	37615	37615
http://mo-ld.org/resource/humanmine_Region	http://mo-ld.org/mine_vocabulary:hasBriefDescription	37615	37615
http://mo-ld.org/resource/humanmine_Region	http://mo-ld.org/mine_vocabulary:hasSecondaryIdentifier	36891	36891
http://mo-ld.org/resource/humanmine_SequenceFeature	http://mo-ld.org/mine_vocabulary:hasSecondaryIdentifier	36891	36891
http://mo-ld.org/resource/humanmine_Gene	http://mo-ld.org/mine_vocabulary:hasSecondaryIdentifier	36891	36891
http://mo-ld.org/mine_type:BriefDescription	http://www.w3.org/1999/02/22-rdf-syntax-ns#value	36766	36766
http://mo-ld.org/mine_type:BriefDescription	http://www.w3.org/1999/02/22-rdf-syntax-ns#type	36766	36766
http://mo-ld.org/resource/humanmine_Gene	http://mo-ld.org/mine_vocabulary:hasDescription	36619	36619
http://mo-ld.org/resource/humanmine_Region	http://mo-ld.org/mine_vocabulary:hasDescription	36619	36619
http://mo-ld.org/resource/humanmine_SequenceFeature	http://mo-ld.org/mine_vocabulary:hasDescription	36619	36619
http://mo-ld.org/resource/humanmine_Allele	http://mo-ld.org/mine_vocabulary:hasMammalianPhenotypeTerm	34382	34309
http://mo-ld.org/resource/humanmine_SequenceCollection	http://mo-ld.org/mine_vocabulary:hasMammalianPhenotypeTerm	34382	34309
http://mo-ld.org/resource/humanmine_BioEntity	http://mo-ld.org/mine_vocabulary:hasMammalianPhenotypeTerm	34382	34309
http://mo-ld.org/resource/humanmine_Protein	http://mo-ld.org/mine_vocabulary:hasProtein	29755	29755
http://mo-ld.org/resource/humanmine_NcRNA	http://mo-ld.org/mine_vocabulary:hasDataSet	29235	29235
http://mo-ld.org/resource/humanmine_NcRNA	http://mo-ld.org/mine_vocabulary:hasSOTerm	29235	29235
http://mo-ld.org/resource/humanmine_NcRNA	http://mo-ld.org/mine_vocabulary:hasPrimaryIdentifier	29235	29235
http://mo-ld.org/resource/humanmine_NcRNA	http://mo-ld.org/mine_vocabulary:hasOrganism	29235	29235
http://mo-ld.org/resource/humanmine_NcRNA	http://mo-ld.org/mine_vocabulary:hasLocation	29212	29211
http://mo-ld.org/resource/humanmine_NcRNA	http://mo-ld.org/mine_vocabulary:hasLength	29210	29210
http://mo-ld.org/resource/humanmine_NcRNA	http://mo-ld.org/mine_vocabulary:hasChromosome	29210	29210
http://mo-ld.org/resource/humanmine_NcRNA	http://mo-ld.org/mine_vocabulary:hasSequence	29210	29210
http://mo-ld.org/resource/humanmine_ProteinDomain	http://mo-ld.org/mine_vocabulary:hasPrimaryIdentifier	28714	28714
http://mo-ld.org/resource/humanmine_ProteinDomain	http://mo-ld.org/mine_vocabulary:hasDataSet	28714	28714
http://mo-ld.org/mine_type:ShortName	http://www.w3.org/1999/02/22-rdf-syntax-ns#value	28470	28470
http://mo-ld.org/mine_type:ShortName	http://www.w3.org/1999/02/22-rdf-syntax-ns#type	28470	28470
http://mo-ld.org/resource/humanmine_BioEntity	http://mo-ld.org/mine_vocabulary:hasShortName	28462	28462
http://mo-ld.org/resource/humanmine_ProteinDomain	http://mo-ld.org/mine_vocabulary:hasShortName	28462	28462
http://mo-ld.org/resource/humanmine_ProteinDomain	http://www.w3.org/2000/01/rdf-schema#label	28462	28462
http://mo-ld.org/resource/humanmine_ProteinDomain	http://mo-ld.org/mine_vocabulary:hasType	28462	28462
http://mo-ld.org/resource/humanmine_ProteinDomain	http://mo-ld.org/mine_vocabulary:hasDescription	28462	28462
http://mo-ld.org/resource/humanmine_SNP	http://www.w3.org/1999/02/22-rdf-syntax-ns#type	26433	8811
http://mo-ld.org/resource/humanmine_NcRNA	http://mo-ld.org/mine_vocabulary:hasSynonym	26002	26002
http://mo-ld.org/resource/humanmine_NcRNA	http://mo-ld.org/mine_vocabulary:hasSymbol	26002	26002
http://mo-ld.org/resource/humanmine_DatabaseReference	http://mo-ld.org/mine_vocabulary:hasIdentifier	24126	24126
http://mo-ld.org/resource/humanmine_DatabaseReference	http://www.w3.org/1999/02/22-rdf-syntax-ns#type	24126	24126
http://mo-ld.org/resource/humanmine_MeshTerm	http://www.w3.org/1999/02/22-rdf-syntax-ns#type	23982	23982
http://mo-ld.org/resource/humanmine_MeshTerm	http://www.w3.org/2000/01/rdf-schema#label	23982	23982
http://mo-ld.org/resource/humanmine_MammalianPhenotypeTerm	http://mo-ld.org/mine_vocabulary:hasOntology	22286	22286
http://mo-ld.org/resource/humanmine_MammalianPhenotypeTerm	http://www.w3.org/2004/02/skos/core#exactMatch	22286	22286
http://mo-ld.org/resource/humanmine_MammalianPhenotypeTerm	http://mo-ld.org/mine_vocabulary:hasIdentifier	22286	22286
http://mo-ld.org/resource/humanmine_MammalianPhenotypeTerm	http://www.w3.org/2000/01/rdf-schema#label	22096	11048
http://mo-ld.org/resource/humanmine_HPOTerm	http://www.w3.org/1999/02/22-rdf-syntax-ns#type	20794	10397
http://mo-ld.org/resource/humanmine_HPOTerm	http://www.w3.org/2000/01/rdf-schema#label	20176	10088
http://mo-ld.org/resource/humanmine_MammalianPhenotypeTerm	http://mo-ld.org/mine_vocabulary:hasOntologyTermSynonym	20135	7044
http://mo-ld.org/resource/humanmine_MammalianPhenotypeTerm	http://mo-ld.org/mine_vocabulary:hasDataSet	19988	19988
http://mo-ld.org/resource/humanmine_Match	http://mo-ld.org/mine_vocabulary:hasLocation	19112	16313
http://mo-ld.org/resource/humanmine_InteractionExperiment	http://mo-ld.org/mine_vocabulary:hasComment	18714	12232
http://mo-ld.org/resource/humanmine_GOTerm	http://mo-ld.org/mine_vocabulary:hasDataSet	18318	17750
http://mo-ld.org/resource/humanmine_Match	http://mo-ld.org/mine_vocabulary:hasLength	16313	16313
http://mo-ld.org/resource/humanmine_Match	http://mo-ld.org/mine_vocabulary:hasSequence	16313	16313
http://mo-ld.org/resource/humanmine_Match	http://mo-ld.org/mine_vocabulary:hasSOTerm	16313	16313
http://mo-ld.org/resource/humanmine_Match	http://mo-ld.org/mine_vocabulary:hasPrimaryIdentifier	16313	16313
http://mo-ld.org/resource/humanmine_Match	http://mo-ld.org/mine_vocabulary:hasChromosome	16313	16313
http://mo-ld.org/resource/humanmine_Match	http://mo-ld.org/mine_vocabulary:hasDataSet	16313	16313
http://mo-ld.org/resource/humanmine_Match	http://mo-ld.org/mine_vocabulary:hasOrganism	16313	16313
http://mo-ld.org/resource/humanmine_Match	http://mo-ld.org/mine_vocabulary:hasScore	16287	16287
http://mo-ld.org/resource/humanmine_Match	http://mo-ld.org/mine_vocabulary:hasScoreType	16287	16287
http://mo-ld.org/resource/humanmine_Region	http://mo-ld.org/mine_vocabulary:hasScore	16287	16287
http://mo-ld.org/resource/humanmine_BioEntity	http://mo-ld.org/mine_vocabulary:hasScoreType	16287	16287
http://mo-ld.org/resource/humanmine_SequenceFeature	http://mo-ld.org/mine_vocabulary:hasScore	16287	16287
http://mo-ld.org/resource/humanmine_Region	http://mo-ld.org/mine_vocabulary:hasScoreType	16287	16287
http://mo-ld.org/resource/humanmine_BioEntity	http://mo-ld.org/mine_vocabulary:hasScore	16287	16287
http://mo-ld.org/resource/humanmine_SequenceFeature	http://mo-ld.org/mine_vocabulary:hasScoreType	16287	16287
http://mo-ld.org/resource/humanmine_BioEntity	http://mo-ld.org/mine_vocabulary:hasECNumber	15679	14737
http://mo-ld.org/resource/humanmine_ECNumber	http://mo-ld.org/mine_vocabulary:hasProtein	15679	1410
http://mo-ld.org/resource/humanmine_Protein	http://mo-ld.org/mine_vocabulary:hasECNumber	15679	14737
http://mo-ld.org/mine_type:AnnotationExtension	http://www.w3.org/1999/02/22-rdf-syntax-ns#type	13647	13647
http://mo-ld.org/mine_type:AnnotationExtension	http://www.w3.org/1999/02/22-rdf-syntax-ns#value	13647	13647
http://mo-ld.org/mine_type:GeneticBackground	http://www.w3.org/1999/02/22-rdf-syntax-ns#value	13174	13174
http://mo-ld.org/mine_type:GeneticBackground	http://www.w3.org/1999/02/22-rdf-syntax-ns#type	13174	13174
http://mo-ld.org/resource/humanmine_OntologyAnnotation	http://mo-ld.org/mine_vocabulary:hasQualifier	12807	12807
http://mo-ld.org/resource/humanmine_GOAnnotation	http://mo-ld.org/mine_vocabulary:hasQualifier	11803	11803
http://mo-ld.org/resource/humanmine_GWASResult	http://mo-ld.org/mine_vocabulary:hasGene	11287	8831
http://mo-ld.org/resource/humanmine_Transcript	http://mo-ld.org/mine_vocabulary:hasGene	11174	11174
http://mo-ld.org/resource/humanmine_Transcript	http://www.w3.org/2000/01/rdf-schema#label	11174	11174
http://mo-ld.org/resource/humanmine_Gene	http://mo-ld.org/mine_vocabulary:hasTranscript	11174	5767
http://mo-ld.org/resource/humanmine_MammalianPhenotypeTerm	http://mo-ld.org/mine_vocabulary:hasObsolete	11048	11048
http://mo-ld.org/resource/humanmine_GWASResult	http://mo-ld.org/mine_vocabulary:hasPhenotype	11001	11001
http://mo-ld.org/resource/humanmine_GWASResult	http://www.w3.org/1999/02/22-rdf-syntax-ns#type	11001	11001
http://mo-ld.org/resource/humanmine_SNP	http://mo-ld.org/mine_vocabulary:hasGWASResult	11001	8811
http://mo-ld.org/resource/humanmine_SequenceFeature	http://mo-ld.org/mine_vocabulary:hasGWASResult	11001	8811
http://mo-ld.org/resource/humanmine_GWAS	http://mo-ld.org/mine_vocabulary:hasGWASResult	11001	1305
http://mo-ld.org/resource/humanmine_GWASResult	http://mo-ld.org/mine_vocabulary:hasSNP	11001	11001
http://mo-ld.org/resource/humanmine_GWASResult	http://mo-ld.org/mine_vocabulary:hasGWAS	11001	11001
http://mo-ld.org/resource/humanmine_BioEntity	http://mo-ld.org/mine_vocabulary:hasGWASResult	11001	8811
http://mo-ld.org/resource/humanmine_GWASResult	http://mo-ld.org/mine_vocabulary:hasPValue	10980	10980
http://mo-ld.org/resource/humanmine_GWASResult	http://mo-ld.org/mine_vocabulary:hasAssociatedVariantRiskAllele	10958	10958
http://mo-ld.org/resource/humanmine_MammalianPhenotypeTerm	http://mo-ld.org/mine_vocabulary:hasDescription	10872	10872
http://mo-ld.org/resource/humanmine_InteractionTerm	http://mo-ld.org/mine_vocabulary:hasOntologyRelation	10676	1204
http://mo-ld.org/resource/humanmine_HPOTerm	http://mo-ld.org/mine_vocabulary:hasOntology	10397	10397
http://mo-ld.org/resource/humanmine_HPOTerm	http://mo-ld.org/mine_vocabulary:hasIdentifier	10397	10397
http://mo-ld.org/resource/humanmine_HPOTerm	http://www.w3.org/2004/02/skos/core#exactMatch	10397	10397
http://mo-ld.org/resource/humanmine_HPOTerm	http://mo-ld.org/mine_vocabulary:hasObsolete	10088	10088
http://mo-ld.org/resource/humanmine_HPOTerm	http://mo-ld.org/mine_vocabulary:hasOntologyTermSynonym	9546	3524
http://mo-ld.org/resource/humanmine_PrimaryTranscript	http://www.w3.org/1999/02/22-rdf-syntax-ns#type	9405	1881
http://mo-ld.org/resource/humanmine_SNP	http://mo-ld.org/mine_vocabulary:hasPrimaryIdentifier	8811	8811
http://mo-ld.org/resource/humanmine_SNP	http://mo-ld.org/mine_vocabulary:hasOrganism	8811	8811
http://mo-ld.org/resource/humanmine_SNP	http://mo-ld.org/mine_vocabulary:hasSOTerm	8811	8811
http://mo-ld.org/resource/humanmine_SNP	http://mo-ld.org/mine_vocabulary:hasDataSet	8811	8811
http://mo-ld.org/mine_type:Score	http://www.w3.org/1999/02/22-rdf-syntax-ns#value	8559	8559
http://mo-ld.org/mine_type:Score	http://www.w3.org/1999/02/22-rdf-syntax-ns#type	8559	8559
http://mo-ld.org/resource/humanmine_GWASResult	http://mo-ld.org/mine_vocabulary:hasRiskAlleleFreqInControls	7444	7444
http://mo-ld.org/resource/humanmine_Disease	http://mo-ld.org/mine_vocabulary:hasIdentifier	7429	7429
http://mo-ld.org/resource/humanmine_Disease	http://www.w3.org/1999/02/22-rdf-syntax-ns#type	7429	7429
http://mo-ld.org/mine_type:Source	http://www.w3.org/1999/02/22-rdf-syntax-ns#type	7287	7287
http://mo-ld.org/mine_type:Source	http://www.w3.org/1999/02/22-rdf-syntax-ns#value	7284	7284
http://mo-ld.org/resource/humanmine_Disease	http://www.w3.org/2000/01/rdf-schema#label	7104	7104
http://mo-ld.org/resource/humanmine_HPOTerm	http://mo-ld.org/mine_vocabulary:hasDataSet	6899	6899
http://mo-ld.org/resource/humanmine_OntologyTerm	http://mo-ld.org/mine_vocabulary:hasHPOAnnotation	6724	6724
http://mo-ld.org/resource/humanmine_HPOTerm	http://mo-ld.org/mine_vocabulary:hasHPOAnnotation	6724	6724
http://mo-ld.org/resource/humanmine_Disease	http://mo-ld.org/mine_vocabulary:hasGene	6692	4878
http://mo-ld.org/resource/humanmine_Gene	http://mo-ld.org/mine_vocabulary:hasDisease	6692	3726
http://mo-ld.org/resource/humanmine_BioEntity	http://mo-ld.org/mine_vocabulary:hasDisease	6692	3726
http://mo-ld.org/resource/humanmine_Region	http://mo-ld.org/mine_vocabulary:hasDisease	6692	3726
http://mo-ld.org/resource/humanmine_SequenceFeature	http://mo-ld.org/mine_vocabulary:hasDisease	6692	3726
http://mo-ld.org/resource/humanmine_HPOTerm	http://mo-ld.org/mine_vocabulary:hasDescription	6603	6603
http://mo-ld.org/resource/humanmine_HPOEvidence	http://mo-ld.org/mine_vocabulary:hasFrequencyModifier	6003	6003
http://mo-ld.org/mine_type:Begin	http://www.w3.org/1999/02/22-rdf-syntax-ns#value	5526	5526
http://mo-ld.org/mine_type:Begin	http://www.w3.org/1999/02/22-rdf-syntax-ns#type	5526	5526
http://mo-ld.org/mine_type:Journal	http://www.w3.org/1999/02/22-rdf-syntax-ns#type	5523	5523
http://mo-ld.org/mine_type:Journal	http://www.w3.org/1999/02/22-rdf-syntax-ns#value	5523	5523
http://mo-ld.org/mine_type:Issue	http://www.w3.org/1999/02/22-rdf-syntax-ns#value	4704	4704
http://mo-ld.org/mine_type:Issue	http://www.w3.org/1999/02/22-rdf-syntax-ns#type	4704	4704
http://mo-ld.org/resource/humanmine_DiseaseSynonym	http://www.w3.org/2000/01/rdf-schema#label	4627	4627
http://mo-ld.org/resource/humanmine_Disease	http://mo-ld.org/mine_vocabulary:hasDiseaseSynonym	4627	2146
http://mo-ld.org/resource/humanmine_DiseaseSynonym	http://www.w3.org/1999/02/22-rdf-syntax-ns#type	4627	4627
http://mo-ld.org/resource/humanmine_SOTerm	http://www.w3.org/2000/01/rdf-schema#label	3870	1935
http://mo-ld.org/resource/humanmine_SOTerm	http://www.w3.org/1999/02/22-rdf-syntax-ns#type	3870	1935
http://mo-ld.org/resource/humanmine_Pathway	http://mo-ld.org/mine_vocabulary:hasDataSet	3568	3568
http://mo-ld.org/resource/humanmine_Pathway	http://mo-ld.org/mine_vocabulary:hasIdentifier	3568	3568
http://mo-ld.org/resource/humanmine_Pathway	http://www.w3.org/2000/01/rdf-schema#label	3568	3568
http://mo-ld.org/resource/humanmine_Pathway	http://www.w3.org/1999/02/22-rdf-syntax-ns#type	3568	3568
http://mo-ld.org/mine_type:Volume	http://www.w3.org/1999/02/22-rdf-syntax-ns#type	3239	3239
http://mo-ld.org/mine_type:Volume	http://www.w3.org/1999/02/22-rdf-syntax-ns#value	3239	3239
http://mo-ld.org/resource/humanmine_SOTerm	http://mo-ld.org/mine_vocabulary:hasOntologyTermSynonym	3081	1808
http://mo-ld.org/resource/humanmine_HPOEvidence	http://mo-ld.org/mine_vocabulary:hasPublication	3060	2768
http://mo-ld.org/resource/humanmine_CDNAMatch	http://mo-ld.org/mine_vocabulary:hasLocation	2948	262
http://mo-ld.org/resource/humanmine_TRNA	http://www.w3.org/1999/02/22-rdf-syntax-ns#type	2640	440
http://mo-ld.org/resource/humanmine_InteractionTerm	http://www.w3.org/1999/02/22-rdf-syntax-ns#type	2426	1213
http://mo-ld.org/resource/humanmine_InteractionDetail	http://mo-ld.org/mine_vocabulary:hasInteractor	2411	516
http://mo-ld.org/resource/humanmine_InteractionTerm	http://www.w3.org/2000/01/rdf-schema#label	2408	1204
http://mo-ld.org/resource/humanmine_Component	http://mo-ld.org/mine_vocabulary:hasProtein	2004	2004
http://mo-ld.org/resource/humanmine_Protein	http://mo-ld.org/mine_vocabulary:hasComponent	2004	971
http://mo-ld.org/resource/humanmine_BioEntity	http://mo-ld.org/mine_vocabulary:hasComponent	2004	971
http://mo-ld.org/resource/humanmine_Component	http://www.w3.org/2000/01/rdf-schema#label	2004	2004
http://mo-ld.org/resource/humanmine_Component	http://www.w3.org/1999/02/22-rdf-syntax-ns#type	2004	2004
http://mo-ld.org/resource/humanmine_SOTerm	http://mo-ld.org/mine_vocabulary:hasObsolete	1935	1935
http://mo-ld.org/resource/humanmine_SOTerm	http://mo-ld.org/mine_vocabulary:hasIdentifier	1935	1935
http://mo-ld.org/resource/humanmine_SOTerm	http://www.w3.org/2004/02/skos/core#exactMatch	1935	1935
http://mo-ld.org/resource/humanmine_SOTerm	http://mo-ld.org/mine_vocabulary:hasOntology	1935	1935
http://mo-ld.org/resource/humanmine_PrimaryTranscript	http://mo-ld.org/mine_vocabulary:hasLocation	1881	1881
http://mo-ld.org/resource/humanmine_PrimaryTranscript	http://mo-ld.org/mine_vocabulary:hasSynonym	1881	1881
http://mo-ld.org/resource/humanmine_PrimaryTranscript	http://mo-ld.org/mine_vocabulary:hasChromosome	1881	1881
http://mo-ld.org/resource/humanmine_PrimaryTranscript	http://mo-ld.org/mine_vocabulary:hasDataSet	1881	1881
http://mo-ld.org/resource/humanmine_PrimaryTranscript	http://mo-ld.org/mine_vocabulary:hasLength	1881	1881
http://mo-ld.org/resource/humanmine_PrimaryTranscript	http://mo-ld.org/mine_vocabulary:hasOrganism	1881	1881
http://mo-ld.org/resource/humanmine_PrimaryTranscript	http://mo-ld.org/mine_vocabulary:hasSOTerm	1881	1881
http://mo-ld.org/resource/humanmine_PrimaryTranscript	http://mo-ld.org/mine_vocabulary:hasSymbol	1881	1881
http://mo-ld.org/resource/humanmine_PrimaryTranscript	http://mo-ld.org/mine_vocabulary:hasPrimaryIdentifier	1881	1881
http://mo-ld.org/resource/humanmine_PrimaryTranscript	http://mo-ld.org/mine_vocabulary:hasExon	1881	1881
http://mo-ld.org/resource/humanmine_PrimaryTranscript	http://mo-ld.org/mine_vocabulary:hasSequence	1881	1881
http://mo-ld.org/resource/humanmine_Complex	http://mo-ld.org/mine_vocabulary:hasGOAnnotation	1800	347
http://mo-ld.org/resource/humanmine_SOTerm	http://mo-ld.org/mine_vocabulary:hasDescription	1706	1706
http://mo-ld.org/resource/humanmine_VGeneSegment	http://www.w3.org/1999/02/22-rdf-syntax-ns#type	1672	418
http://mo-ld.org/mine_type:TStatistic	http://www.w3.org/1999/02/22-rdf-syntax-ns#type	1420	1420
http://mo-ld.org/mine_type:TStatistic	http://www.w3.org/1999/02/22-rdf-syntax-ns#value	1420	1420
http://mo-ld.org/resource/humanmine_ECNumber	http://mo-ld.org/mine_vocabulary:hasIdentifier	1410	1410
http://mo-ld.org/resource/humanmine_ECNumber	http://www.w3.org/1999/02/22-rdf-syntax-ns#type	1410	1410
http://mo-ld.org/resource/humanmine_CDNAMatch	http://www.w3.org/1999/02/22-rdf-syntax-ns#type	1310	262
http://mo-ld.org/resource/humanmine_GWAS	http://mo-ld.org/mine_vocabulary:hasInitialSample	1305	1305
http://mo-ld.org/resource/humanmine_GWAS	http://www.w3.org/2000/01/rdf-schema#label	1305	1305
http://mo-ld.org/resource/humanmine_GWAS	http://mo-ld.org/mine_vocabulary:hasReplicateSample	1305	1305
http://mo-ld.org/resource/humanmine_GWAS	http://mo-ld.org/mine_vocabulary:hasFirstAuthor	1305	1305
http://mo-ld.org/resource/humanmine_GWAS	http://www.w3.org/1999/02/22-rdf-syntax-ns#type	1305	1305
http://mo-ld.org/resource/humanmine_GWAS	http://mo-ld.org/mine_vocabulary:hasYear	1305	1305
http://mo-ld.org/resource/humanmine_GWAS	http://mo-ld.org/mine_vocabulary:hasPublication	1305	1305
http://mo-ld.org/mine_type:InitialSample	http://www.w3.org/1999/02/22-rdf-syntax-ns#value	1281	1281
http://mo-ld.org/mine_type:InitialSample	http://www.w3.org/1999/02/22-rdf-syntax-ns#type	1281	1281
http://mo-ld.org/resource/humanmine_Protein	http://mo-ld.org/mine_vocabulary:hasLocation	1276	243
http://mo-ld.org/resource/humanmine_InteractionTerm	http://mo-ld.org/mine_vocabulary:hasIdentifier	1213	1213
http://mo-ld.org/resource/humanmine_InteractionTerm	http://mo-ld.org/mine_vocabulary:hasOntology	1204	1204
http://mo-ld.org/resource/humanmine_InteractionTerm	http://mo-ld.org/mine_vocabulary:hasObsolete	1204	1204
http://mo-ld.org/resource/humanmine_InteractionTerm	http://www.w3.org/2004/02/skos/core#exactMatch	1204	1204
http://mo-ld.org/resource/humanmine_InteractionRegion	http://www.w3.org/1999/02/22-rdf-syntax-ns#type	1160	1160
http://mo-ld.org/resource/humanmine_InteractionRegion	http://mo-ld.org/mine_vocabulary:hasInteractionDetail	1160	1160
http://mo-ld.org/resource/humanmine_InteractionDetail	http://mo-ld.org/mine_vocabulary:hasInteractionRegion	1160	1159
http://mo-ld.org/resource/humanmine_InteractionTerm	http://mo-ld.org/mine_vocabulary:hasDescription	1137	1137
http://mo-ld.org/resource/humanmine_InteractionDetail	http://mo-ld.org/mine_vocabulary:hasConfidenceText	1116	1116
http://mo-ld.org/mine_type:Expression	http://www.w3.org/1999/02/22-rdf-syntax-ns#value	1096	1096
http://mo-ld.org/mine_type:Expression	http://www.w3.org/1999/02/22-rdf-syntax-ns#type	1096	1096
http://mo-ld.org/resource/humanmine_InteractionTerm	http://mo-ld.org/mine_vocabulary:hasOntologyTermSynonym	1073	726
http://mo-ld.org/resource/humanmine_HPOAnnotation	http://mo-ld.org/mine_vocabulary:hasQualifier	1004	1004
http://mo-ld.org/mine_type:ReplicateSample	http://www.w3.org/1999/02/22-rdf-syntax-ns#value	903	903
http://mo-ld.org/mine_type:ReplicateSample	http://www.w3.org/1999/02/22-rdf-syntax-ns#type	903	903
http://mo-ld.org/resource/humanmine_Interactor	http://mo-ld.org/mine_vocabulary:hasType	900	900
http://mo-ld.org/resource/humanmine_Interactor	http://www.w3.org/1999/02/22-rdf-syntax-ns#type	900	900
http://mo-ld.org/resource/humanmine_Interactor	http://mo-ld.org/mine_vocabulary:hasBiologicalRole	900	900
http://mo-ld.org/resource/humanmine_Interactor	http://mo-ld.org/mine_vocabulary:hasBioEntity	900	900
http://mo-ld.org/resource/humanmine_Complex	http://mo-ld.org/mine_vocabulary:hasInteractor	900	349
http://mo-ld.org/mine_type:Phenotype	http://www.w3.org/1999/02/22-rdf-syntax-ns#type	774	774
http://mo-ld.org/mine_type:Phenotype	http://www.w3.org/1999/02/22-rdf-syntax-ns#value	774	774
http://mo-ld.org/resource/humanmine_InteractionRegion	http://mo-ld.org/mine_vocabulary:hasLocation	721	721
http://mo-ld.org/resource/humanmine_Interaction	http://mo-ld.org/mine_vocabulary:hasComplex	720	720
http://mo-ld.org/resource/humanmine_Interactor	http://mo-ld.org/mine_vocabulary:hasInteraction	720	463
http://mo-ld.org/resource/humanmine_Interactor	http://mo-ld.org/mine_vocabulary:hasStoichiometry	701	701
http://mo-ld.org/mine_type:RiskAlleleFreqInControls	http://www.w3.org/1999/02/22-rdf-syntax-ns#type	685	685
http://mo-ld.org/mine_type:RiskAlleleFreqInControls	http://www.w3.org/1999/02/22-rdf-syntax-ns#value	685	685
http://mo-ld.org/mine_type:Type	http://www.w3.org/1999/02/22-rdf-syntax-ns#value	683	683
http://mo-ld.org/mine_type:Type	http://www.w3.org/1999/02/22-rdf-syntax-ns#type	683	683
http://mo-ld.org/resource/humanmine_Protein	http://mo-ld.org/mine_vocabulary:hasInteraction	664	242
http://mo-ld.org/resource/humanmine_Complex	http://mo-ld.org/mine_vocabulary:hasPublication	507	269
http://mo-ld.org/resource/humanmine_TRNA	http://mo-ld.org/mine_vocabulary:hasExon	468	440
http://mo-ld.org/mine_type:FrequencyModifier	http://www.w3.org/1999/02/22-rdf-syntax-ns#value	456	456
http://mo-ld.org/mine_type:FrequencyModifier	http://www.w3.org/1999/02/22-rdf-syntax-ns#type	456	456
http://mo-ld.org/resource/humanmine_TRNA	http://mo-ld.org/mine_vocabulary:hasSOTerm	440	440
http://mo-ld.org/resource/humanmine_TRNA	http://mo-ld.org/mine_vocabulary:hasDataSet	440	440
http://mo-ld.org/resource/humanmine_TRNA	http://mo-ld.org/mine_vocabulary:hasPrimaryIdentifier	440	440
http://mo-ld.org/resource/humanmine_TRNA	http://mo-ld.org/mine_vocabulary:hasOrganism	440	440
http://mo-ld.org/resource/humanmine_InteractionRegion	http://mo-ld.org/mine_vocabulary:hasOntologyTerm	439	439
http://mo-ld.org/resource/humanmine_InteractionRegion	http://mo-ld.org/mine_vocabulary:hasStartStatus	439	439
http://mo-ld.org/resource/humanmine_InteractionRegion	http://mo-ld.org/mine_vocabulary:hasEndStatus	439	439
http://mo-ld.org/resource/humanmine_JGeneSegment	http://www.w3.org/1999/02/22-rdf-syntax-ns#type	420	105
http://mo-ld.org/resource/humanmine_VGeneSegment	http://mo-ld.org/mine_vocabulary:hasSequence	418	418
http://mo-ld.org/resource/humanmine_TRNA	http://mo-ld.org/mine_vocabulary:hasChromosome	418	418
http://mo-ld.org/resource/humanmine_VGeneSegment	http://mo-ld.org/mine_vocabulary:hasDataSet	418	418
http://mo-ld.org/resource/humanmine_TRNA	http://mo-ld.org/mine_vocabulary:hasLength	418	418
http://mo-ld.org/resource/humanmine_VGeneSegment	http://mo-ld.org/mine_vocabulary:hasChromosome	418	418
http://mo-ld.org/resource/humanmine_VGeneSegment	http://mo-ld.org/mine_vocabulary:hasPrimaryIdentifier	418	418
http://mo-ld.org/resource/humanmine_VGeneSegment	http://mo-ld.org/mine_vocabulary:hasOrganism	418	418
http://mo-ld.org/resource/humanmine_TRNA	http://mo-ld.org/mine_vocabulary:hasLocation	418	418
http://mo-ld.org/resource/humanmine_VGeneSegment	http://mo-ld.org/mine_vocabulary:hasLocation	418	418
http://mo-ld.org/resource/humanmine_VGeneSegment	http://mo-ld.org/mine_vocabulary:hasLength	418	418
http://mo-ld.org/resource/humanmine_TRNA	http://mo-ld.org/mine_vocabulary:hasSequence	418	418
http://mo-ld.org/mine_type:Condition	http://www.w3.org/1999/02/22-rdf-syntax-ns#value	362	362
http://mo-ld.org/mine_type:Condition	http://www.w3.org/1999/02/22-rdf-syntax-ns#type	362	362
http://mo-ld.org/resource/humanmine_Complex	http://www.w3.org/1999/02/22-rdf-syntax-ns#type	349	349
http://mo-ld.org/resource/humanmine_Complex	http://www.w3.org/2000/01/rdf-schema#label	349	349
http://mo-ld.org/resource/humanmine_Complex	http://mo-ld.org/mine_vocabulary:hasDataSet	349	349
http://mo-ld.org/resource/humanmine_Complex	http://mo-ld.org/mine_vocabulary:hasIdentifier	348	348
http://mo-ld.org/resource/humanmine_Complex	http://mo-ld.org/mine_vocabulary:hasFunction	343	343
http://mo-ld.org/resource/humanmine_Complex	http://mo-ld.org/mine_vocabulary:hasSystematicName	332	332
http://mo-ld.org/mine_type:SystematicName	http://www.w3.org/1999/02/22-rdf-syntax-ns#type	330	330
http://mo-ld.org/mine_type:SystematicName	http://www.w3.org/1999/02/22-rdf-syntax-ns#value	330	330
http://mo-ld.org/resource/humanmine_CDNAMatch	http://mo-ld.org/mine_vocabulary:hasDataSet	262	262
http://mo-ld.org/resource/humanmine_CDNAMatch	http://mo-ld.org/mine_vocabulary:hasPrimaryIdentifier	262	262
http://mo-ld.org/resource/humanmine_CDNAMatch	http://mo-ld.org/mine_vocabulary:hasSequence	262	262
http://mo-ld.org/resource/humanmine_CDNAMatch	http://mo-ld.org/mine_vocabulary:hasOrganism	262	262
http://mo-ld.org/resource/humanmine_CDNAMatch	http://mo-ld.org/mine_vocabulary:hasChromosome	262	262
http://mo-ld.org/resource/humanmine_CDNAMatch	http://mo-ld.org/mine_vocabulary:hasSOTerm	262	262
http://mo-ld.org/resource/humanmine_CDNAMatch	http://mo-ld.org/mine_vocabulary:hasLength	262	262
http://mo-ld.org/resource/humanmine_Complex	http://mo-ld.org/mine_vocabulary:hasProperties	261	261
http://mo-ld.org/resource/humanmine_InteractionTerm	http://mo-ld.org/mine_vocabulary:hasDataSet	252	240
http://mo-ld.org/mine_type:Function	http://www.w3.org/1999/02/22-rdf-syntax-ns#type	249	249
http://mo-ld.org/mine_type:Function	http://www.w3.org/1999/02/22-rdf-syntax-ns#value	249	249
http://mo-ld.org/resource/humanmine_CDNAMatch	http://mo-ld.org/mine_vocabulary:hasScore	236	236
http://mo-ld.org/resource/humanmine_CDNAMatch	http://mo-ld.org/mine_vocabulary:hasScoreType	236	236
http://mo-ld.org/resource/humanmine_Pathway	http://mo-ld.org/mine_vocabulary:hasDescription	186	186
http://mo-ld.org/mine_type:Properties	http://www.w3.org/1999/02/22-rdf-syntax-ns#value	165	165
http://mo-ld.org/mine_type:Properties	http://www.w3.org/1999/02/22-rdf-syntax-ns#type	165	165
http://mo-ld.org/resource/humanmine_DGeneSegment	http://www.w3.org/1999/02/22-rdf-syntax-ns#type	128	32
http://mo-ld.org/resource/humanmine_RRNA	http://www.w3.org/1999/02/22-rdf-syntax-ns#type	114	19
http://mo-ld.org/resource/humanmine_CGeneSegment	http://www.w3.org/1999/02/22-rdf-syntax-ns#type	112	28
http://mo-ld.org/resource/humanmine_SmallMolecule	http://mo-ld.org/mine_vocabulary:hasLocation	110	10
http://mo-ld.org/mine_type:Year	http://www.w3.org/1999/02/22-rdf-syntax-ns#value	105	105
http://mo-ld.org/mine_type:Year	http://www.w3.org/1999/02/22-rdf-syntax-ns#type	105	105
http://mo-ld.org/resource/humanmine_JGeneSegment	http://mo-ld.org/mine_vocabulary:hasChromosome	105	105
http://mo-ld.org/resource/humanmine_JGeneSegment	http://mo-ld.org/mine_vocabulary:hasSequence	105	105
http://mo-ld.org/resource/humanmine_JGeneSegment	http://mo-ld.org/mine_vocabulary:hasDataSet	105	105
http://mo-ld.org/resource/humanmine_JGeneSegment	http://mo-ld.org/mine_vocabulary:hasLocation	105	105
http://mo-ld.org/resource/humanmine_JGeneSegment	http://mo-ld.org/mine_vocabulary:hasPrimaryIdentifier	105	105
http://mo-ld.org/resource/humanmine_JGeneSegment	http://mo-ld.org/mine_vocabulary:hasOrganism	105	105
http://mo-ld.org/resource/humanmine_JGeneSegment	http://mo-ld.org/mine_vocabulary:hasLength	105	105
http://mo-ld.org/resource/humanmine_Chromosome	http://www.w3.org/1999/02/22-rdf-syntax-ns#type	100	25
http://mo-ld.org/resource/humanmine_DataSet	http://www.w3.org/2000/01/rdf-schema#label	57	57
http://mo-ld.org/resource/humanmine_DataSet	http://www.w3.org/1999/02/22-rdf-syntax-ns#type	57	57
http://mo-ld.org/resource/humanmine_DataSet	http://mo-ld.org/mine_vocabulary:hasDataSource	56	56
http://mo-ld.org/resource/humanmine_DataSource	http://mo-ld.org/mine_vocabulary:hasDataSet	56	21
http://mo-ld.org/resource/humanmine_SmallMolecule	http://mo-ld.org/mine_vocabulary:hasInteraction	54	10
http://mo-ld.org/resource/humanmine_Tissue	http://www.w3.org/2000/01/rdf-schema#label	54	54
http://mo-ld.org/resource/humanmine_Tissue	http://www.w3.org/1999/02/22-rdf-syntax-ns#type	54	54
http://mo-ld.org/resource/humanmine_Chromosome	http://mo-ld.org/mine_vocabulary:hasDataSet	49	25
http://mo-ld.org/resource/humanmine_Tissue	http://mo-ld.org/mine_vocabulary:hasTissueGroup	46	46
http://mo-ld.org/resource/humanmine_TissueGroup	http://mo-ld.org/mine_vocabulary:hasTissue	46	12
http://mo-ld.org/mine_type:CellType	http://www.w3.org/1999/02/22-rdf-syntax-ns#value	44	44
http://mo-ld.org/mine_type:CellType	http://www.w3.org/1999/02/22-rdf-syntax-ns#type	44	44
http://mo-ld.org/mine_type:AssociatedVariantRiskAllele	http://www.w3.org/1999/02/22-rdf-syntax-ns#value	42	42
http://mo-ld.org/mine_type:AssociatedVariantRiskAllele	http://www.w3.org/1999/02/22-rdf-syntax-ns#type	42	42
http://mo-ld.org/resource/humanmine_DataSource	http://www.w3.org/2000/01/rdf-schema#label	41	41
http://mo-ld.org/resource/humanmine_DataSource	http://www.w3.org/1999/02/22-rdf-syntax-ns#type	41	41
http://mo-ld.org/resource/humanmine_SOTerm	http://mo-ld.org/mine_vocabulary:hasDataSet	35	17
http://mo-ld.org/mine_type:RelationshipType	http://www.w3.org/1999/02/22-rdf-syntax-ns#value	34	34
http://mo-ld.org/mine_type:RelationshipType	http://www.w3.org/1999/02/22-rdf-syntax-ns#type	34	34
http://mo-ld.org/resource/humanmine_SmallMolecule	http://www.w3.org/1999/02/22-rdf-syntax-ns#type	34	17
http://mo-ld.org/resource/humanmine_DGeneSegment	http://mo-ld.org/mine_vocabulary:hasPrimaryIdentifier	32	32
http://mo-ld.org/resource/humanmine_DGeneSegment	http://mo-ld.org/mine_vocabulary:hasOrganism	32	32
http://mo-ld.org/resource/humanmine_DGeneSegment	http://mo-ld.org/mine_vocabulary:hasLength	32	32
http://mo-ld.org/resource/humanmine_DGeneSegment	http://mo-ld.org/mine_vocabulary:hasDataSet	32	32
http://mo-ld.org/resource/humanmine_DGeneSegment	http://mo-ld.org/mine_vocabulary:hasSequence	32	32
http://mo-ld.org/resource/humanmine_DGeneSegment	http://mo-ld.org/mine_vocabulary:hasLocation	32	32
http://mo-ld.org/resource/humanmine_DGeneSegment	http://mo-ld.org/mine_vocabulary:hasChromosome	32	32
http://mo-ld.org/resource/humanmine_CGeneSegment	http://mo-ld.org/mine_vocabulary:hasOrganism	28	28
http://mo-ld.org/resource/humanmine_CGeneSegment	http://mo-ld.org/mine_vocabulary:hasDataSet	28	28
http://mo-ld.org/resource/humanmine_CGeneSegment	http://mo-ld.org/mine_vocabulary:hasPrimaryIdentifier	28	28
http://mo-ld.org/resource/humanmine_CGeneSegment	http://mo-ld.org/mine_vocabulary:hasChromosome	28	28
http://mo-ld.org/resource/humanmine_CGeneSegment	http://mo-ld.org/mine_vocabulary:hasLength	28	28
http://mo-ld.org/resource/humanmine_CGeneSegment	http://mo-ld.org/mine_vocabulary:hasLocation	28	28
http://mo-ld.org/resource/humanmine_CGeneSegment	http://mo-ld.org/mine_vocabulary:hasSequence	28	28
http://mo-ld.org/resource/humanmine_Chromosome	http://mo-ld.org/mine_vocabulary:hasOrganism	25	25
http://mo-ld.org/resource/humanmine_Chromosome	http://mo-ld.org/mine_vocabulary:hasPrimaryIdentifier	25	25
http://mo-ld.org/resource/humanmine_Chromosome	http://mo-ld.org/mine_vocabulary:hasLength	25	25
http://mo-ld.org/resource/humanmine_Chromosome	http://mo-ld.org/mine_vocabulary:hasSequence	25	25
http://mo-ld.org/resource/humanmine_Chromosome	http://mo-ld.org/mine_vocabulary:hasSOTerm	24	24
http://mo-ld.org/mine_type:Url	http://www.w3.org/1999/02/22-rdf-syntax-ns#value	24	24
http://mo-ld.org/mine_type:Url	http://www.w3.org/1999/02/22-rdf-syntax-ns#type	24	24
http://mo-ld.org/mine_type:Qualifier	http://www.w3.org/1999/02/22-rdf-syntax-ns#type	22	22
http://mo-ld.org/mine_type:Qualifier	http://www.w3.org/1999/02/22-rdf-syntax-ns#value	22	22
http://mo-ld.org/mine_type:Code	http://www.w3.org/1999/02/22-rdf-syntax-ns#type	21	21
http://mo-ld.org/resource/humanmine_GOEvidenceCode	http://mo-ld.org/mine_vocabulary:hasCode	21	21
http://mo-ld.org/mine_type:Code	http://www.w3.org/1999/02/22-rdf-syntax-ns#value	21	21
http://mo-ld.org/resource/humanmine_GOEvidenceCode	http://www.w3.org/1999/02/22-rdf-syntax-ns#type	21	21
http://mo-ld.org/resource/humanmine_RRNA	http://mo-ld.org/mine_vocabulary:hasSOTerm	19	19
http://mo-ld.org/mine_type:Relationship	http://www.w3.org/1999/02/22-rdf-syntax-ns#type	19	19
http://mo-ld.org/mine_type:Relationship	http://www.w3.org/1999/02/22-rdf-syntax-ns#value	19	19
http://mo-ld.org/resource/humanmine_RRNA	http://mo-ld.org/mine_vocabulary:hasPrimaryIdentifier	19	19
http://mo-ld.org/resource/humanmine_RRNA	http://mo-ld.org/mine_vocabulary:hasExon	19	19
http://mo-ld.org/resource/humanmine_RRNA	http://mo-ld.org/mine_vocabulary:hasOrganism	19	19
http://mo-ld.org/resource/humanmine_RRNA	http://mo-ld.org/mine_vocabulary:hasDataSet	19	19
http://mo-ld.org/resource/humanmine_DataSource	http://mo-ld.org/mine_vocabulary:hasPublication	18	18
http://mo-ld.org/resource/humanmine_DataSource	http://mo-ld.org/mine_vocabulary:hasDescription	18	18
http://mo-ld.org/resource/humanmine_DataSource	http://mo-ld.org/mine_vocabulary:hasUrl	18	18
http://mo-ld.org/mine_type:Month	http://www.w3.org/1999/02/22-rdf-syntax-ns#value	17	17
http://mo-ld.org/resource/humanmine_RRNA	http://mo-ld.org/mine_vocabulary:hasLocation	17	17
http://mo-ld.org/resource/humanmine_SmallMolecule	http://mo-ld.org/mine_vocabulary:hasPrimaryIdentifier	17	17
http://mo-ld.org/resource/humanmine_RRNA	http://mo-ld.org/mine_vocabulary:hasChromosome	17	17
http://mo-ld.org/resource/humanmine_RRNA	http://mo-ld.org/mine_vocabulary:hasSequence	17	17
http://mo-ld.org/resource/humanmine_SmallMolecule	http://www.w3.org/2000/01/rdf-schema#label	17	17
http://mo-ld.org/mine_type:Month	http://www.w3.org/1999/02/22-rdf-syntax-ns#type	17	17
http://mo-ld.org/resource/humanmine_RRNA	http://mo-ld.org/mine_vocabulary:hasSymbol	17	17
http://mo-ld.org/resource/humanmine_RRNA	http://mo-ld.org/mine_vocabulary:hasLength	17	17
http://mo-ld.org/resource/humanmine_SmallMolecule	http://mo-ld.org/mine_vocabulary:hasDataSet	17	17
http://mo-ld.org/resource/humanmine_RRNA	http://mo-ld.org/mine_vocabulary:hasSynonym	17	17
http://mo-ld.org/mine_type:Role2	http://www.w3.org/1999/02/22-rdf-syntax-ns#value	14	14
http://mo-ld.org/mine_type:Role2	http://www.w3.org/1999/02/22-rdf-syntax-ns#type	14	14
http://mo-ld.org/mine_type:Role1	http://www.w3.org/1999/02/22-rdf-syntax-ns#type	14	14
http://mo-ld.org/mine_type:Role1	http://www.w3.org/1999/02/22-rdf-syntax-ns#value	14	14
http://mo-ld.org/resource/humanmine_TissueGroup	http://www.w3.org/1999/02/22-rdf-syntax-ns#type	12	12
http://mo-ld.org/resource/humanmine_TissueGroup	http://www.w3.org/2000/01/rdf-schema#label	12	12
http://mo-ld.org/mine_type:Database	http://www.w3.org/1999/02/22-rdf-syntax-ns#value	11	11
http://mo-ld.org/mine_type:Database	http://www.w3.org/1999/02/22-rdf-syntax-ns#type	11	11
http://mo-ld.org/mine_type:TaxonId	http://www.w3.org/1999/02/22-rdf-syntax-ns#type	9	9
http://mo-ld.org/resource/humanmine_Organism	http://mo-ld.org/mine_vocabulary:hasTaxonId	9	9
http://mo-ld.org/resource/humanmine_Organism	http://www.w3.org/1999/02/22-rdf-syntax-ns#type	9	9
http://mo-ld.org/mine_type:TaxonId	http://www.w3.org/1999/02/22-rdf-syntax-ns#value	9	9
http://mo-ld.org/mine_type:AssignedBy	http://www.w3.org/1999/02/22-rdf-syntax-ns#type	9	9
http://mo-ld.org/mine_type:AssignedBy	http://www.w3.org/1999/02/22-rdf-syntax-ns#value	9	9
http://mo-ld.org/mine_type:Stoichiometry	http://www.w3.org/1999/02/22-rdf-syntax-ns#type	9	9
http://mo-ld.org/mine_type:Stoichiometry	http://www.w3.org/1999/02/22-rdf-syntax-ns#value	9	9
http://mo-ld.org/resource/humanmine_Organism	http://www.w3.org/2000/01/rdf-schema#label	8	8
http://mo-ld.org/mine_type:Species	http://www.w3.org/1999/02/22-rdf-syntax-ns#type	8	8
http://mo-ld.org/resource/humanmine_Organism	http://mo-ld.org/mine_vocabulary:hasGenus	8	8
http://mo-ld.org/resource/humanmine_Organism	http://mo-ld.org/mine_vocabulary:hasShortName	8	8
http://mo-ld.org/mine_type:Species	http://www.w3.org/1999/02/22-rdf-syntax-ns#value	8	8
http://mo-ld.org/resource/humanmine_Organism	http://mo-ld.org/mine_vocabulary:hasSpecies	8	8
http://mo-ld.org/mine_type:CommonName	http://www.w3.org/1999/02/22-rdf-syntax-ns#type	7	7
http://mo-ld.org/resource/humanmine_Organism	http://mo-ld.org/mine_vocabulary:hasCommonName	7	7
http://mo-ld.org/mine_type:Genus	http://www.w3.org/1999/02/22-rdf-syntax-ns#type	7	7
http://mo-ld.org/mine_type:Genus	http://www.w3.org/1999/02/22-rdf-syntax-ns#value	7	7
http://mo-ld.org/mine_type:CommonName	http://www.w3.org/1999/02/22-rdf-syntax-ns#value	7	7
http://mo-ld.org/resource/humanmine_Ontology	http://www.w3.org/2000/01/rdf-schema#label	6	6
http://mo-ld.org/resource/humanmine_Ontology	http://www.w3.org/1999/02/22-rdf-syntax-ns#type	6	6
http://mo-ld.org/resource/humanmine_SnoRNA	http://www.w3.org/1999/02/22-rdf-syntax-ns#type	6	1
http://mo-ld.org/resource/humanmine_Ontology	http://mo-ld.org/mine_vocabulary:hasUrl	5	5
http://mo-ld.org/mine_type:Distance	http://www.w3.org/1999/02/22-rdf-syntax-ns#value	5	5
http://mo-ld.org/mine_type:StartStatus	http://www.w3.org/1999/02/22-rdf-syntax-ns#value	5	5
http://mo-ld.org/mine_type:Distance	http://www.w3.org/1999/02/22-rdf-syntax-ns#type	5	5
http://mo-ld.org/mine_type:EndStatus	http://www.w3.org/1999/02/22-rdf-syntax-ns#value	5	5
http://mo-ld.org/mine_type:EndStatus	http://www.w3.org/1999/02/22-rdf-syntax-ns#type	5	5
http://mo-ld.org/mine_type:StartStatus	http://www.w3.org/1999/02/22-rdf-syntax-ns#type	5	5
http://mo-ld.org/mine_type:BiologicalRole	http://www.w3.org/1999/02/22-rdf-syntax-ns#value	4	4
http://mo-ld.org/resource/humanmine_LongTerminalRepeat	http://www.w3.org/1999/02/22-rdf-syntax-ns#type	4	1
http://mo-ld.org/mine_type:BiologicalRole	http://www.w3.org/1999/02/22-rdf-syntax-ns#type	4	4
http://mo-ld.org/mine_type:Level	http://www.w3.org/1999/02/22-rdf-syntax-ns#value	4	4
http://mo-ld.org/mine_type:Reliability	http://www.w3.org/1999/02/22-rdf-syntax-ns#value	4	4
http://mo-ld.org/resource/humanmine_Interactor	http://mo-ld.org/mine_vocabulary:hasAnnotations	4	4
http://mo-ld.org/mine_type:Level	http://www.w3.org/1999/02/22-rdf-syntax-ns#type	4	4
http://mo-ld.org/mine_type:Reliability	http://www.w3.org/1999/02/22-rdf-syntax-ns#type	4	4
http://mo-ld.org/resource/humanmine_DLoop	http://www.w3.org/1999/02/22-rdf-syntax-ns#type	4	1
http://mo-ld.org/mine_type:Zygosity	http://www.w3.org/1999/02/22-rdf-syntax-ns#type	3	3
http://mo-ld.org/resource/humanmine_SmallMolecule	http://mo-ld.org/mine_vocabulary:hasOrganism	3	3
http://mo-ld.org/mine_type:Zygosity	http://www.w3.org/1999/02/22-rdf-syntax-ns#value	3	3
http://mo-ld.org/mine_type:Direct	http://www.w3.org/1999/02/22-rdf-syntax-ns#type	2	2
http://mo-ld.org/mine_type:IsUniprotCanonical	http://www.w3.org/1999/02/22-rdf-syntax-ns#type	2	2
http://mo-ld.org/mine_type:Strand	http://www.w3.org/1999/02/22-rdf-syntax-ns#value	2	2
http://mo-ld.org/mine_type:IncludeGene	http://www.w3.org/1999/02/22-rdf-syntax-ns#value	2	2
http://mo-ld.org/mine_type:Strand	http://www.w3.org/1999/02/22-rdf-syntax-ns#type	2	2
http://mo-ld.org/mine_type:Direction	http://www.w3.org/1999/02/22-rdf-syntax-ns#type	2	2
http://mo-ld.org/mine_type:Direct	http://www.w3.org/1999/02/22-rdf-syntax-ns#value	2	2
http://mo-ld.org/mine_type:ExpressionType	http://www.w3.org/1999/02/22-rdf-syntax-ns#type	2	2
http://mo-ld.org/mine_type:Annotations	http://www.w3.org/1999/02/22-rdf-syntax-ns#value	2	2
http://mo-ld.org/mine_type:ExpressionType	http://www.w3.org/1999/02/22-rdf-syntax-ns#value	2	2
http://mo-ld.org/mine_type:IncludeGene	http://www.w3.org/1999/02/22-rdf-syntax-ns#type	2	2
http://mo-ld.org/resource/humanmine_RNA	http://mo-ld.org/mine_vocabulary:hasLocation	2	1
http://mo-ld.org/mine_type:IsUniprotCanonical	http://www.w3.org/1999/02/22-rdf-syntax-ns#value	2	2
http://mo-ld.org/mine_type:Redundant	http://www.w3.org/1999/02/22-rdf-syntax-ns#type	2	2
http://mo-ld.org/resource/humanmine_SnoRNA	http://mo-ld.org/mine_vocabulary:hasLocation	2	1
http://mo-ld.org/mine_type:Redundant	http://www.w3.org/1999/02/22-rdf-syntax-ns#value	2	2
http://mo-ld.org/resource/humanmine_RNA	http://www.w3.org/1999/02/22-rdf-syntax-ns#type	2	1
http://mo-ld.org/mine_type:Direction	http://www.w3.org/1999/02/22-rdf-syntax-ns#value	2	2
http://mo-ld.org/mine_type:Annotations	http://www.w3.org/1999/02/22-rdf-syntax-ns#type	2	2
http://mo-ld.org/resource/humanmine_DLoop	http://mo-ld.org/mine_vocabulary:hasOrganism	1	1
http://mo-ld.org/mine_type:ScoreType	http://www.w3.org/1999/02/22-rdf-syntax-ns#value	1	1
http://mo-ld.org/resource/humanmine_NcRNA	http://mo-ld.org/mine_vocabulary:hasInteraction	1	1
http://mo-ld.org/resource/humanmine_OrthologueEvidenceCode	http://www.w3.org/2000/01/rdf-schema#label	1	1
http://mo-ld.org/mine_type:Abbreviation	http://www.w3.org/1999/02/22-rdf-syntax-ns#value	1	1
http://mo-ld.org/mine_type:IsFragment	http://www.w3.org/1999/02/22-rdf-syntax-ns#value	1	1
http://mo-ld.org/resource/humanmine_OrthologueEvidence	http://www.w3.org/1999/02/22-rdf-syntax-ns#type	1	1
http://mo-ld.org/resource/humanmine_DLoop	http://mo-ld.org/mine_vocabulary:hasPrimaryIdentifier	1	1
http://mo-ld.org/mine_type:Version	http://www.w3.org/1999/02/22-rdf-syntax-ns#type	1	1
http://mo-ld.org/resource/humanmine_DataSet	http://mo-ld.org/mine_vocabulary:hasDescription	1	1
http://mo-ld.org/resource/humanmine_DLoop	http://mo-ld.org/mine_vocabulary:hasSOTerm	1	1
http://mo-ld.org/mine_type:IsFragment	http://www.w3.org/1999/02/22-rdf-syntax-ns#type	1	1
http://mo-ld.org/resource/humanmine_SnoRNA	http://mo-ld.org/mine_vocabulary:hasOrganism	1	1
http://mo-ld.org/resource/humanmine_SnoRNA	http://mo-ld.org/mine_vocabulary:hasSOTerm	1	1
http://mo-ld.org/mine_type:Obsolete	http://www.w3.org/1999/02/22-rdf-syntax-ns#value	1	1
http://mo-ld.org/resource/humanmine_RNA	http://mo-ld.org/mine_vocabulary:hasInteraction	1	1
http://mo-ld.org/resource/humanmine_LongTerminalRepeat	http://mo-ld.org/mine_vocabulary:hasChromosome	1	1
http://mo-ld.org/resource/humanmine_DataSet	http://mo-ld.org/mine_vocabulary:hasUrl	1	1
http://mo-ld.org/resource/humanmine_RNA	http://mo-ld.org/mine_vocabulary:hasOrganism	1	1
http://mo-ld.org/resource/humanmine_SnoRNA	http://mo-ld.org/mine_vocabulary:hasPrimaryIdentifier	1	1
http://mo-ld.org/mine_type:Version	http://www.w3.org/1999/02/22-rdf-syntax-ns#value	1	1
http://mo-ld.org/mine_type:ScoreType	http://www.w3.org/1999/02/22-rdf-syntax-ns#type	1	1
http://mo-ld.org/resource/humanmine_LongTerminalRepeat	http://mo-ld.org/mine_vocabulary:hasPrimaryIdentifier	1	1
http://mo-ld.org/mine_type:Abbreviation	http://www.w3.org/1999/02/22-rdf-syntax-ns#type	1	1
http://mo-ld.org/resource/humanmine_LongTerminalRepeat	http://mo-ld.org/mine_vocabulary:hasLocation	1	1
http://mo-ld.org/resource/humanmine_OrthologueEvidenceCode	http://mo-ld.org/mine_vocabulary:hasAbbreviation	1	1
http://mo-ld.org/resource/humanmine_RNA	http://mo-ld.org/mine_vocabulary:hasPrimaryIdentifier	1	1
http://mo-ld.org/resource/humanmine_LongTerminalRepeat	http://mo-ld.org/mine_vocabulary:hasSOTerm	1	1
http://mo-ld.org/resource/humanmine_OrthologueEvidence	http://mo-ld.org/mine_vocabulary:hasOrthologueEvidenceCode	1	1
http://mo-ld.org/resource/humanmine_LongTerminalRepeat	http://mo-ld.org/mine_vocabulary:hasOrganism	1	1
http://mo-ld.org/resource/humanmine_OrthologueEvidenceCode	http://www.w3.org/1999/02/22-rdf-syntax-ns#type	1	1
http://mo-ld.org/resource/humanmine_Transcript	http://mo-ld.org/mine_vocabulary:hasInteraction	1	1
http://mo-ld.org/resource/humanmine_LongTerminalRepeat	http://mo-ld.org/mine_vocabulary:hasSequence	1	1
http://mo-ld.org/resource/humanmine_LongTerminalRepeat	http://mo-ld.org/mine_vocabulary:hasDataSet	1	1
http://mo-ld.org/mine_type:ConfidenceText	http://www.w3.org/1999/02/22-rdf-syntax-ns#value	1	1
http://mo-ld.org/resource/humanmine_RNA	http://mo-ld.org/mine_vocabulary:hasDataSet	1	1
http://mo-ld.org/resource/humanmine_DataSet	http://mo-ld.org/mine_vocabulary:hasVersion	1	1
http://mo-ld.org/resource/humanmine_LongTerminalRepeat	http://mo-ld.org/mine_vocabulary:hasLength	1	1
http://mo-ld.org/mine_type:ConfidenceText	http://www.w3.org/1999/02/22-rdf-syntax-ns#type	1	1
http://mo-ld.org/resource/humanmine_SnoRNA	http://mo-ld.org/mine_vocabulary:hasInteraction	1	1
http://mo-ld.org/resource/humanmine_DLoop	http://mo-ld.org/mine_vocabulary:hasDataSet	1	1
http://mo-ld.org/mine_type:Obsolete	http://www.w3.org/1999/02/22-rdf-syntax-ns#type	1	1
http://mo-ld.org/resource/humanmine_SnoRNA	http://mo-ld.org/mine_vocabulary:hasDataSet	1	1
