Subject-Type	Subject-Type Count	Subject-Type Distinct Count	Property	Object-Type	Object-Type Count	Object-Type tDistinct_count
mold_res:\nratmine_Homologue	7304626	3652608	mine_voc:\nhasGene	mold_res:\nratmine_BioEntity	7304626	134891
http://mo-ld.org/resource/ratmine_Homologue	7304626	3652608	mine_voc:\nhasGene	mold_res:\nratmine_SequenceFeature	7304626	134891
http://mo-ld.org/resource/ratmine_Homologue	7304626	3652608	mine_voc:\nhasGene	mold_res:\nratmine_Gene	7304626	134891
mold_res:\nratmine_rsSNP	4509999	4509999	mine_voc:\nhasDataSet	mold_res:\nratmine_DataSet	4509999	1
mold_res:\nratmine_OntologyRelation	4003508	2001768	mine_voc:\nhasOntologyTerm	mold_res:\nratmine_OntologyTerm	4003508	76481
http://mo-ld.org/resource/ratmine_OntologyTerm	4003508	76481	mine_voc:\nhasOntologyRelation	http://mo-ld.org/resource/ratmine_OntologyRelation	4003508	2001768
mold_res:\nratmine_Homologue	3652608	3652608	mine_voc:\nhasDataSet	mold_res:\nratmine_DataSet	3652608	4
http://mo-ld.org/resource/ratmine_Homologue	3652608	3652608	mine_voc:\nhasType	mine_type:\nType	3652608	3
mold_res:\nratmine_BioEntity	3652608	134891	mine_voc:\nhasHomologue	http://mo-ld.org/resource/ratmine_Homologue	3652608	3652608
mold_res:\nratmine_SequenceFeature	3652608	134891	mine_voc:\nhasHomologue	http://mo-ld.org/resource/ratmine_Homologue	3652608	3652608
mold_res:\nratmine_Gene	3652608	134891	mine_voc:\nhasHomologue	http://mo-ld.org/resource/ratmine_Homologue	3652608	3652608
http://mo-ld.org/resource/ratmine_Homologue	3583230	3583230	mine_voc:\nhasOrthologueEvidence	mold_res:\nratmine_OrthologueEvidence	3583230	2
mold_res:\nratmine_CrossReference	3017299	3017299	mine_voc:\nhasDataSource	mold_res:\nratmine_DataSource	3017299	4
http://mo-ld.org/resource/ratmine_CrossReference	3017299	3017299	mine_voc:\nhasIdentifier	mine_type:\nIdentifier	3017299	44736
http://mo-ld.org/resource/ratmine_Homologue	2971086	2971086	mine_voc:\nhasCrossReference	http://mo-ld.org/resource/ratmine_CrossReference	2971086	2971086
mold_res:\nratmine_OntologyRelation	2001768	2001768	mine_voc:\nhasDirect	mine_type:\nDirect	2001768	2
http://mo-ld.org/resource/ratmine_OntologyRelation	2001768	2001768	mine_voc:\nhasRedundant	mine_type:\nRedundant	2001768	2
http://mo-ld.org/resource/ratmine_OntologyRelation	2001768	2001768	mine_voc:\nhasRelationship	mine_type:\nRelationship	2001768	103
http://mo-ld.org/resource/ratmine_OntologyRelation	1809926	904963	mine_voc:\nhasOntologyTerm	mold_res:\nratmine_GOTerm	1809926	37959
http://mo-ld.org/resource/ratmine_GOTerm	1809926	37959	mine_voc:\nhasOntologyRelation	http://mo-ld.org/resource/ratmine_OntologyRelation	1809926	904963
http://mo-ld.org/resource/ratmine_OntologyRelation	1688924	844476	mine_voc:\nhasOntologyTerm	mold_res:\nratmine_AnatomyTerm	1688924	8533
http://mo-ld.org/resource/ratmine_AnatomyTerm	1688924	8533	mine_voc:\nhasOntologyRelation	http://mo-ld.org/resource/ratmine_OntologyRelation	1688924	844476
mold_res:\nratmine_GOEvidence	1462249	1462249	mine_voc:\nhasGOEvidenceCode	mold_res:\nratmine_GOEvidenceCode	1462249	19
mold_res:\nratmine_OntologyAnnotation	1092941	1092941	mine_voc:\nhasDataSet	mold_res:\nratmine_DataSet	1092941	31
http://mo-ld.org/resource/ratmine_OntologyAnnotation	1092941	1092941	mine_voc:\nhasBioEntity	mold_res:\nratmine_BioEntity	1092941	68077
http://mo-ld.org/resource/ratmine_OntologyAnnotation	1092941	1092941	mine_voc:\nhasBioEntity	mold_res:\nratmine_SequenceFeature	1092941	68077
http://mo-ld.org/resource/ratmine_OntologyAnnotation	1092941	1092941	mine_voc:\nhasOntologyTerm	mold_res:\nratmine_OntologyTerm	1092941	27125
http://mo-ld.org/resource/ratmine_OntologyTerm	1092941	27125	mine_voc:\nhasOntologyAnnotation	http://mo-ld.org/resource/ratmine_OntologyAnnotation	1092941	1092941
http://mo-ld.org/resource/ratmine_BioEntity	1092941	68077	mine_voc:\nhasOntologyAnnotation	http://mo-ld.org/resource/ratmine_OntologyAnnotation	1092941	1092941
http://mo-ld.org/resource/ratmine_SequenceFeature	1092941	68077	mine_voc:\nhasOntologyAnnotation	http://mo-ld.org/resource/ratmine_OntologyAnnotation	1092941	1092941
http://mo-ld.org/resource/ratmine_OntologyAnnotation	1077422	1077422	mine_voc:\nhasBioEntity	mold_res:\nratmine_Gene	1077422	61735
http://mo-ld.org/resource/ratmine_Gene	1077422	61735	mine_voc:\nhasOntologyAnnotation	http://mo-ld.org/resource/ratmine_OntologyAnnotation	1077422	1077422
mold_res:\nratmine_AnnotationExtension	809206	809206	mine_voc:\nhasGOEvidence	mold_res:\nratmine_GOEvidence	809206	809206
mold_res:\nratmine_GOAnnotation	809206	809206	mine_voc:\nhasDataSet	http://mo-ld.org/resource/ratmine_DataSet	809206	24
http://mo-ld.org/resource/ratmine_GOAnnotation	809206	809206	mine_voc:\nhasBioEntity	mold_res:\nratmine_BioEntity	809206	61219
http://mo-ld.org/resource/ratmine_GOAnnotation	809206	809206	mine_voc:\nhasBioEntity	mold_res:\nratmine_SequenceFeature	809206	61219
http://mo-ld.org/resource/ratmine_GOAnnotation	809206	809206	mine_voc:\nhasBioEntity	mold_res:\nratmine_Gene	809206	61219
http://mo-ld.org/resource/ratmine_GOAnnotation	809206	809206	mine_voc:\nhasOntologyTerm	mold_res:\nratmine_GOTerm	809206	14755
http://mo-ld.org/resource/ratmine_OntologyAnnotation	809206	809206	mine_voc:\nhasOntologyTerm	http://mo-ld.org/resource/ratmine_GOTerm	809206	14755
http://mo-ld.org/resource/ratmine_GOAnnotation	809206	809206	mine_voc:\nhasOntologyTerm	mold_res:\nratmine_OntologyTerm	809206	14755
http://mo-ld.org/resource/ratmine_GOAnnotation	809206	809206	mine_voc:\nhasAnnotationExtension	http://mo-ld.org/resource/ratmine_AnnotationExtension	809206	809206
http://mo-ld.org/resource/ratmine_OntologyAnnotation	809206	809206	mine_voc:\nhasAnnotationExtension	http://mo-ld.org/resource/ratmine_AnnotationExtension	809206	809206
http://mo-ld.org/resource/ratmine_BioEntity	809206	61219	mine_voc:\nhasGOAnnotation	http://mo-ld.org/resource/ratmine_GOAnnotation	809206	809206
http://mo-ld.org/resource/ratmine_SequenceFeature	809206	61219	mine_voc:\nhasGOAnnotation	http://mo-ld.org/resource/ratmine_GOAnnotation	809206	809206
http://mo-ld.org/resource/ratmine_Gene	809206	61219	mine_voc:\nhasGOAnnotation	http://mo-ld.org/resource/ratmine_GOAnnotation	809206	809206
http://mo-ld.org/resource/ratmine_BioEntity	809206	61219	mine_voc:\nhasGOAnnotation	http://mo-ld.org/resource/ratmine_OntologyAnnotation	809206	809206
http://mo-ld.org/resource/ratmine_SequenceFeature	809206	61219	mine_voc:\nhasGOAnnotation	http://mo-ld.org/resource/ratmine_OntologyAnnotation	809206	809206
http://mo-ld.org/resource/ratmine_Gene	809206	61219	mine_voc:\nhasGOAnnotation	http://mo-ld.org/resource/ratmine_OntologyAnnotation	809206	809206
http://mo-ld.org/resource/ratmine_GOTerm	809206	14755	mine_voc:\nhasOntologyAnnotation	http://mo-ld.org/resource/ratmine_GOAnnotation	809206	809206
http://mo-ld.org/resource/ratmine_OntologyTerm	809206	14755	mine_voc:\nhasOntologyAnnotation	http://mo-ld.org/resource/ratmine_GOAnnotation	809206	809206
http://mo-ld.org/resource/ratmine_GOTerm	809206	14755	mine_voc:\nhasOntologyAnnotation	http://mo-ld.org/resource/ratmine_OntologyAnnotation	809206	809206
http://mo-ld.org/resource/ratmine_BioEntity	809206	61219	mine_voc:\nhasOntologyAnnotation	http://mo-ld.org/resource/ratmine_GOAnnotation	809206	809206
http://mo-ld.org/resource/ratmine_SequenceFeature	809206	61219	mine_voc:\nhasOntologyAnnotation	http://mo-ld.org/resource/ratmine_GOAnnotation	809206	809206
http://mo-ld.org/resource/ratmine_Gene	809206	61219	mine_voc:\nhasOntologyAnnotation	http://mo-ld.org/resource/ratmine_GOAnnotation	809206	809206
mold_res:\nratmine_GOAnnotation	653043	638361	mine_voc:\nhasGOEvidence	mold_res:\nratmine_GOEvidence	653043	653043
mold_res:\nratmine_OntologyAnnotation	653043	638361	mine_voc:\nhasGOEvidence	http://mo-ld.org/resource/ratmine_GOEvidence	653043	653043
mold_res:\nratmine_BioEntity	496326	252202	mine_voc:\nhasDataSet	http://mo-ld.org/resource/ratmine_DataSet	496326	39
http://mo-ld.org/resource/ratmine_DataSet	496326	39	mine_voc:\nhasBioEntity	http://mo-ld.org/resource/ratmine_BioEntity	496326	252202
http://mo-ld.org/resource/ratmine_GOEvidence	453044	453044	mine_voc:\nhasWithText	mine_type:\nWithText	453044	61248
mold_res:\nratmine_SequenceFeature	430214	187592	mine_voc:\nhasDataSet	http://mo-ld.org/resource/ratmine_DataSet	430214	38
http://mo-ld.org/resource/ratmine_DataSet	430214	38	mine_voc:\nhasBioEntity	http://mo-ld.org/resource/ratmine_SequenceFeature	430214	187592
mold_res:\nratmine_Gene	415213	180568	mine_voc:\nhasDataSet	http://mo-ld.org/resource/ratmine_DataSet	415213	38
http://mo-ld.org/resource/ratmine_DataSet	415213	38	mine_voc:\nhasBioEntity	http://mo-ld.org/resource/ratmine_Gene	415213	180568
mold_res:\nratmine_Author	293022	147685	mine_voc:\nhasPublication	mold_res:\nratmine_Publication	293022	45697
http://mo-ld.org/resource/ratmine_Publication	293022	45697	mine_voc:\nhasAuthor	http://mo-ld.org/resource/ratmine_Author	293022	147685
http://mo-ld.org/resource/ratmine_OntologyRelation	247330	123665	mine_voc:\nhasOntologyTerm	mold_res:\nratmine_DOTerm	247330	12092
http://mo-ld.org/resource/ratmine_DOTerm	247330	12092	mine_voc:\nhasOntologyRelation	http://mo-ld.org/resource/ratmine_OntologyRelation	247330	123665
http://mo-ld.org/resource/ratmine_BioEntity	243036	243036	mine_voc:\nhasOrganism	mold_res:\nratmine_Organism	243036	7
http://mo-ld.org/resource/ratmine_BioEntity	214985	214985	mine_voc:\nhasPrimaryIdentifier	mine_type:\nPrimaryIdentifier	214985	214924
mold_res:\nratmine_BioEntity	202920	98728	mine_voc:\nhasLocation	mold_res:\nratmine_Location	202920	104142
mold_res:\nratmine_SequenceFeature	202920	98728	mine_voc:\nhasLocation	http://mo-ld.org/resource/ratmine_Location	202920	104142
http://mo-ld.org/resource/ratmine_Location	202920	104142	mine_voc:\nhasBioEntity	http://mo-ld.org/resource/ratmine_BioEntity	202920	98728
http://mo-ld.org/resource/ratmine_Location	202920	104142	mine_voc:\nhasBioEntity	http://mo-ld.org/resource/ratmine_SequenceFeature	202920	98728
mold_res:\nratmine_OntologyTerm	201580	56058	mine_voc:\nhasOntologyTermSynonym	mold_res:\nratmine_OntologyTermSynonym	201580	198009
http://mo-ld.org/resource/ratmine_OntologyTermSynonym	196602	196602	mine_voc:\nhasType	http://mo-ld.org/mine_type:Type	196602	4
http://mo-ld.org/resource/ratmine_SequenceFeature	187747	187747	mine_voc:\nhasOrganism	http://mo-ld.org/resource/ratmine_Organism	187747	7
http://mo-ld.org/resource/ratmine_BioEntity	187579	187579	mine_voc:\nhasSOTerm	http://mo-ld.org/resource/ratmine_OntologyTerm	187579	3
http://mo-ld.org/resource/ratmine_SequenceFeature	187579	187579	mine_voc:\nhasSOTerm	http://mo-ld.org/resource/ratmine_OntologyTerm	187579	3
http://mo-ld.org/resource/ratmine_BioEntity	187579	187579	mine_voc:\nhasSOTerm	mold_res:\nratmine_SOTerm	187579	3
http://mo-ld.org/resource/ratmine_SequenceFeature	187579	187579	mine_voc:\nhasSOTerm	http://mo-ld.org/resource/ratmine_SOTerm	187579	3
http://mo-ld.org/resource/ratmine_Gene	180719	180719	mine_voc:\nhasOrganism	http://mo-ld.org/resource/ratmine_Organism	180719	7
http://mo-ld.org/resource/ratmine_Gene	180555	180555	mine_voc:\nhasSOTerm	http://mo-ld.org/resource/ratmine_OntologyTerm	180555	1
http://mo-ld.org/resource/ratmine_Gene	180555	180555	mine_voc:\nhasSOTerm	http://mo-ld.org/resource/ratmine_SOTerm	180555	1
http://mo-ld.org/resource/ratmine_SequenceFeature	176908	176908	mine_voc:\nhasPrimaryIdentifier	http://mo-ld.org/mine_type:PrimaryIdentifier	176908	176847
http://mo-ld.org/resource/ratmine_Gene	169880	169880	mine_voc:\nhasPrimaryIdentifier	http://mo-ld.org/mine_type:PrimaryIdentifier	169880	169880
mold_res:\nratmine_MPEvidence	165774	165774	mine_voc:\nhasMPEvidenceCode	mold_res:\nratmine_GOEvidenceCode	165774	11
http://mo-ld.org/resource/ratmine_MPEvidence	165774	165774	mine_voc:\nhasMPEvidenceCode	mold_res:\nratmine_MPEvidenceCode	165774	11
http://mo-ld.org/resource/ratmine_OntologyAnnotation	165774	165695	mine_voc:\nhasMPEvidence	http://mo-ld.org/resource/ratmine_MPEvidence	165774	165774
mold_res:\nratmine_MPAnnotation	165774	165695	mine_voc:\nhasMPEvidence	http://mo-ld.org/resource/ratmine_MPEvidence	165774	165774
mold_res:\nratmine_MPAnnotation	165695	165695	mine_voc:\nhasDataSet	http://mo-ld.org/resource/ratmine_DataSet	165695	2
http://mo-ld.org/resource/ratmine_MPAnnotation	165695	165695	mine_voc:\nhasBioEntity	http://mo-ld.org/resource/ratmine_BioEntity	165695	14891
http://mo-ld.org/resource/ratmine_MPAnnotation	165695	165695	mine_voc:\nhasBioEntity	http://mo-ld.org/resource/ratmine_SequenceFeature	165695	14891
http://mo-ld.org/resource/ratmine_OntologyAnnotation	165695	165695	mine_voc:\nhasOntologyTerm	mold_res:\nratmine_MPTerm	165695	7630
http://mo-ld.org/resource/ratmine_MPAnnotation	165695	165695	mine_voc:\nhasOntologyTerm	http://mo-ld.org/resource/ratmine_MPTerm	165695	7630
http://mo-ld.org/resource/ratmine_MPAnnotation	165695	165695	mine_voc:\nhasOntologyTerm	http://mo-ld.org/resource/ratmine_OntologyTerm	165695	7630
http://mo-ld.org/resource/ratmine_MPTerm	165695	7630	mine_voc:\nhasOntologyAnnotation	http://mo-ld.org/resource/ratmine_OntologyAnnotation	165695	165695
http://mo-ld.org/resource/ratmine_MPTerm	165695	7630	mine_voc:\nhasOntologyAnnotation	http://mo-ld.org/resource/ratmine_MPAnnotation	165695	165695
http://mo-ld.org/resource/ratmine_OntologyTerm	165695	7630	mine_voc:\nhasOntologyAnnotation	http://mo-ld.org/resource/ratmine_MPAnnotation	165695	165695
http://mo-ld.org/resource/ratmine_BioEntity	165695	14891	mine_voc:\nhasOntologyAnnotation	http://mo-ld.org/resource/ratmine_MPAnnotation	165695	165695
http://mo-ld.org/resource/ratmine_SequenceFeature	165695	14891	mine_voc:\nhasOntologyAnnotation	http://mo-ld.org/resource/ratmine_MPAnnotation	165695	165695
http://mo-ld.org/resource/ratmine_BioEntity	163427	26663	mine_voc:\nhasOntologyTerm	http://mo-ld.org/resource/ratmine_OntologyTerm	163427	583
mold_res:\nratmine_Protein	163427	26663	mine_voc:\nhasOntologyTerm	http://mo-ld.org/resource/ratmine_OntologyTerm	163427	583
http://mo-ld.org/resource/ratmine_MPAnnotation	153971	153971	mine_voc:\nhasBioEntity	http://mo-ld.org/resource/ratmine_Gene	153971	8654
http://mo-ld.org/resource/ratmine_BioEntity	153971	8654	mine_voc:\nhasMPAnnotation	http://mo-ld.org/resource/ratmine_OntologyAnnotation	153971	153971
http://mo-ld.org/resource/ratmine_SequenceFeature	153971	8654	mine_voc:\nhasMPAnnotation	http://mo-ld.org/resource/ratmine_OntologyAnnotation	153971	153971
http://mo-ld.org/resource/ratmine_Gene	153971	8654	mine_voc:\nhasMPAnnotation	http://mo-ld.org/resource/ratmine_OntologyAnnotation	153971	153971
http://mo-ld.org/resource/ratmine_BioEntity	153971	8654	mine_voc:\nhasMPAnnotation	http://mo-ld.org/resource/ratmine_MPAnnotation	153971	153971
http://mo-ld.org/resource/ratmine_SequenceFeature	153971	8654	mine_voc:\nhasMPAnnotation	http://mo-ld.org/resource/ratmine_MPAnnotation	153971	153971
http://mo-ld.org/resource/ratmine_Gene	153971	8654	mine_voc:\nhasMPAnnotation	http://mo-ld.org/resource/ratmine_MPAnnotation	153971	153971
http://mo-ld.org/resource/ratmine_Gene	153971	8654	mine_voc:\nhasOntologyAnnotation	http://mo-ld.org/resource/ratmine_MPAnnotation	153971	153971
http://mo-ld.org/resource/ratmine_BioEntity	153939	153939	mine_voc:\nhasLength	mine_type:\nLength	153939	45009
http://mo-ld.org/resource/ratmine_OntologyRelation	144388	72194	mine_voc:\nhasOntologyTerm	http://mo-ld.org/resource/ratmine_MPTerm	144388	9122
http://mo-ld.org/resource/ratmine_MPTerm	144388	9122	mine_voc:\nhasOntologyRelation	http://mo-ld.org/resource/ratmine_OntologyRelation	144388	72194
http://mo-ld.org/resource/ratmine_BioEntity	119005	28749	mine_voc:\nhasProtein	http://mo-ld.org/resource/ratmine_BioEntity	119005	27706
http://mo-ld.org/resource/ratmine_BioEntity	119005	28749	mine_voc:\nhasProtein	http://mo-ld.org/resource/ratmine_Protein	119005	27706
http://mo-ld.org/resource/ratmine_Location	104142	104142	mine_voc:\nhasStart	mine_type:\nStart	104142	96408
http://mo-ld.org/resource/ratmine_Location	104142	104142	mine_voc:\nhasEnd	mine_type:\nEnd	104142	96182
mold_res:\nratmine_Chromosome	104104	66	mine_voc:\nhasLocation	http://mo-ld.org/resource/ratmine_Location	104104	104104
http://mo-ld.org/resource/ratmine_Location	104104	104104	mine_voc:\nhasBioEntity	http://mo-ld.org/resource/ratmine_Chromosome	104104	66
mold_res:\nratmine_BioEntity	102901	102901	mine_voc:\nhasSymbol	mine_type:\nSymbol	102901	86784
mold_res:\nratmine_SequenceFeature	102901	102901	mine_voc:\nhasSymbol	http://mo-ld.org/mine_type:Symbol	102901	86784
http://mo-ld.org/resource/ratmine_BioEntity	99797	99797	mine_voc:\nhasSecondaryIdentifier	mine_type:\nSecondaryIdentifier	99797	99797
http://mo-ld.org/resource/ratmine_SequenceFeature	99797	99797	mine_voc:\nhasSecondaryIdentifier	http://mo-ld.org/mine_type:SecondaryIdentifier	99797	99797
http://mo-ld.org/resource/ratmine_Location	98816	98816	mine_voc:\nhasDataSet	http://mo-ld.org/resource/ratmine_DataSet	98816	4
http://mo-ld.org/resource/ratmine_Location	98778	98778	mine_voc:\nhasStrand	mine_type:\nStrand	98778	3
http://mo-ld.org/resource/ratmine_SequenceFeature	98649	98649	mine_voc:\nhasLength	http://mo-ld.org/mine_type:Length	98649	44962
http://mo-ld.org/resource/ratmine_BioEntity	98649	98649	mine_voc:\nhasChromosome	http://mo-ld.org/resource/ratmine_BioEntity	98649	66
http://mo-ld.org/resource/ratmine_SequenceFeature	98649	98649	mine_voc:\nhasChromosome	http://mo-ld.org/resource/ratmine_BioEntity	98649	66
http://mo-ld.org/resource/ratmine_BioEntity	98649	98649	mine_voc:\nhasChromosome	http://mo-ld.org/resource/ratmine_Chromosome	98649	66
http://mo-ld.org/resource/ratmine_SequenceFeature	98649	98649	mine_voc:\nhasChromosome	http://mo-ld.org/resource/ratmine_Chromosome	98649	66
http://mo-ld.org/resource/ratmine_BioEntity	98649	98649	mine_voc:\nhasChromosome	http://mo-ld.org/resource/ratmine_SequenceFeature	98649	66
http://mo-ld.org/resource/ratmine_SequenceFeature	98649	98649	mine_voc:\nhasChromosome	http://mo-ld.org/resource/ratmine_SequenceFeature	98649	66
http://mo-ld.org/resource/ratmine_BioEntity	98649	98649	mine_voc:\nhasDescription	mine_type:\nDescription	98649	52249
http://mo-ld.org/resource/ratmine_SequenceFeature	98649	98649	mine_voc:\nhasDescription	http://mo-ld.org/mine_type:Description	98649	52249
mold_res:\nratmine_Gene	97276	97276	mine_voc:\nhasSymbol	http://mo-ld.org/mine_type:Symbol	97276	81184
http://mo-ld.org/resource/ratmine_Gene	94482	94482	mine_voc:\nhasSecondaryIdentifier	http://mo-ld.org/mine_type:SecondaryIdentifier	94482	94482
http://mo-ld.org/resource/ratmine_Gene	93501	93347	mine_voc:\nhasLocation	http://mo-ld.org/resource/ratmine_Location	93501	93501
http://mo-ld.org/resource/ratmine_Location	93501	93501	mine_voc:\nhasBioEntity	http://mo-ld.org/resource/ratmine_Gene	93501	93347
http://mo-ld.org/resource/ratmine_Gene	93334	93334	mine_voc:\nhasLength	http://mo-ld.org/mine_type:Length	93334	42636
http://mo-ld.org/resource/ratmine_Gene	93334	93334	mine_voc:\nhasChromosome	http://mo-ld.org/resource/ratmine_BioEntity	93334	66
http://mo-ld.org/resource/ratmine_Gene	93334	93334	mine_voc:\nhasChromosome	http://mo-ld.org/resource/ratmine_Chromosome	93334	66
http://mo-ld.org/resource/ratmine_Gene	93334	93334	mine_voc:\nhasChromosome	http://mo-ld.org/resource/ratmine_SequenceFeature	93334	66
http://mo-ld.org/resource/ratmine_Gene	93334	93334	mine_voc:\nhasDescription	http://mo-ld.org/mine_type:Description	93334	51852
http://mo-ld.org/resource/ratmine_BioEntity	92650	25981	mine_voc:\nhasProteinDomain	http://mo-ld.org/resource/ratmine_BioEntity	92650	9201
http://mo-ld.org/resource/ratmine_Protein	92650	25981	mine_voc:\nhasProteinDomain	http://mo-ld.org/resource/ratmine_BioEntity	92650	9201
http://mo-ld.org/resource/ratmine_BioEntity	92650	25981	mine_voc:\nhasProteinDomain	mold_res:\nratmine_ProteinDomain	92650	9201
http://mo-ld.org/resource/ratmine_Protein	92650	25981	mine_voc:\nhasProteinDomain	http://mo-ld.org/resource/ratmine_ProteinDomain	92650	9201
http://mo-ld.org/resource/ratmine_ProteinDomain	92650	9201	mine_voc:\nhasProtein	http://mo-ld.org/resource/ratmine_BioEntity	92650	25981
http://mo-ld.org/resource/ratmine_ProteinDomain	92650	9201	mine_voc:\nhasProtein	http://mo-ld.org/resource/ratmine_Protein	92650	25981
mold_res:\nratmine_GOTerm	89972	24854	mine_voc:\nhasOntologyTermSynonym	mold_res:\nratmine_OntologyTermSynonym	89972	88592
http://mo-ld.org/resource/ratmine_OntologyTerm	87815	87815	mine_voc:\nhasIdentifier	http://mo-ld.org/mine_type:Identifier	87815	85137
http://mo-ld.org/resource/ratmine_GOEvidence	82983	80766	mine_voc:\nhasPublication	mold_res:\nratmine_Publication	82983	17577
http://mo-ld.org/resource/ratmine_OntologyAnnotation	81911	81911	mine_voc:\nhasWithText	mine_type:\nWithText	81911	15626
mold_res:\nratmine_DOEvidence	79037	79037	mine_voc:\nhasDOEvidenceCode	mold_res:\nratmine_DOEvidenceCode	79037	12
http://mo-ld.org/resource/ratmine_DOEvidence	79037	79037	mine_voc:\nhasDOEvidenceCode	http://mo-ld.org/resource/ratmine_GOEvidenceCode	79037	12
http://mo-ld.org/resource/ratmine_OntologyAnnotation	79037	74845	mine_voc:\nhasDOEvidence	http://mo-ld.org/resource/ratmine_DOEvidence	79037	79037
mold_res:\nratmine_DOAnnotation	79037	74845	mine_voc:\nhasDOEvidence	http://mo-ld.org/resource/ratmine_DOEvidence	79037	79037
http://mo-ld.org/resource/ratmine_OntologyTerm	77638	77638	mine_voc:\nhasOntology	mold_res:\nratmine_Ontology	77638	10
http://mo-ld.org/resource/ratmine_OntologyTerm	76481	76481	mine_voc:\nhasObsolete	mine_type:\nObsolete	76481	1
mold_res:\nratmine_DOAnnotation	74845	74845	mine_voc:\nhasDataSet	http://mo-ld.org/resource/ratmine_DataSet	74845	2
http://mo-ld.org/resource/ratmine_DOAnnotation	74845	74845	mine_voc:\nhasBioEntity	http://mo-ld.org/resource/ratmine_BioEntity	74845	15203
http://mo-ld.org/resource/ratmine_DOAnnotation	74845	74845	mine_voc:\nhasBioEntity	http://mo-ld.org/resource/ratmine_SequenceFeature	74845	15203
http://mo-ld.org/resource/ratmine_OntologyAnnotation	74845	74845	mine_voc:\nhasOntologyTerm	mold_res:\nratmine_DOTerm	74845	4264
http://mo-ld.org/resource/ratmine_DOAnnotation	74845	74845	mine_voc:\nhasOntologyTerm	http://mo-ld.org/resource/ratmine_DOTerm	74845	4264
http://mo-ld.org/resource/ratmine_DOAnnotation	74845	74845	mine_voc:\nhasOntologyTerm	http://mo-ld.org/resource/ratmine_OntologyTerm	74845	4264
http://mo-ld.org/resource/ratmine_BioEntity	74845	15203	mine_voc:\nhasDOAnnotation	http://mo-ld.org/resource/ratmine_OntologyAnnotation	74845	74845
http://mo-ld.org/resource/ratmine_SequenceFeature	74845	15203	mine_voc:\nhasDOAnnotation	http://mo-ld.org/resource/ratmine_DOAnnotation	74845	74845
http://mo-ld.org/resource/ratmine_SequenceFeature	74845	15203	mine_voc:\nhasDOAnnotation	http://mo-ld.org/resource/ratmine_OntologyAnnotation	74845	74845
http://mo-ld.org/resource/ratmine_BioEntity	74845	15203	mine_voc:\nhasDOAnnotation	http://mo-ld.org/resource/ratmine_DOAnnotation	74845	74845
http://mo-ld.org/resource/ratmine_BioEntity	74845	15203	mine_voc:\nhasOntologyAnnotation	http://mo-ld.org/resource/ratmine_DOAnnotation	74845	74845
http://mo-ld.org/resource/ratmine_SequenceFeature	74845	15203	mine_voc:\nhasOntologyAnnotation	http://mo-ld.org/resource/ratmine_DOAnnotation	74845	74845
http://mo-ld.org/resource/ratmine_DOTerm	74845	4264	mine_voc:\nhasOntologyAnnotation	http://mo-ld.org/resource/ratmine_OntologyAnnotation	74845	74845
http://mo-ld.org/resource/ratmine_DOTerm	74845	4264	mine_voc:\nhasOntologyAnnotation	http://mo-ld.org/resource/ratmine_DOAnnotation	74845	74845
http://mo-ld.org/resource/ratmine_OntologyTerm	74845	4264	mine_voc:\nhasOntologyAnnotation	http://mo-ld.org/resource/ratmine_DOAnnotation	74845	74845
http://mo-ld.org/resource/ratmine_DOEvidence	72725	65872	mine_voc:\nhasPublication	http://mo-ld.org/resource/ratmine_Publication	72725	19203
http://mo-ld.org/resource/ratmine_DOAnnotation	71050	71050	mine_voc:\nhasBioEntity	http://mo-ld.org/resource/ratmine_Gene	71050	11820
http://mo-ld.org/resource/ratmine_Gene	71050	11820	mine_voc:\nhasDOAnnotation	http://mo-ld.org/resource/ratmine_OntologyAnnotation	71050	71050
http://mo-ld.org/resource/ratmine_Gene	71050	11820	mine_voc:\nhasDOAnnotation	http://mo-ld.org/resource/ratmine_DOAnnotation	71050	71050
http://mo-ld.org/resource/ratmine_Gene	71050	11820	mine_voc:\nhasOntologyAnnotation	http://mo-ld.org/resource/ratmine_DOAnnotation	71050	71050
http://mo-ld.org/resource/ratmine_BioEntity	65236	20642	mine_voc:\nhasComment	mold_res:\nratmine_Comment	65236	54570
http://mo-ld.org/resource/ratmine_Protein	65236	20642	mine_voc:\nhasComment	http://mo-ld.org/resource/ratmine_Comment	65236	54570
http://mo-ld.org/resource/ratmine_OntologyTerm	64129	64129	mine_voc:\nhasDescription	mine_type:\nDescription	64129	63497
mold_res:\nratmine_Synonym	63311	63311	mine_voc:\nhasValue	mine_type:\nValue	63311	49864
mold_res:\nratmine_Comment	62631	62631	mine_voc:\nhasType	mine_type:\nType	62631	29
http://mo-ld.org/resource/ratmine_Comment	62631	62631	mine_voc:\nhasDescription	http://mo-ld.org/mine_type:Description	62631	26199
mold_res:\nratmine_Protein	56796	55294	mine_voc:\nhasDataSet	http://mo-ld.org/resource/ratmine_DataSet	56796	4
http://mo-ld.org/resource/ratmine_DataSet	56796	4	mine_voc:\nhasBioEntity	http://mo-ld.org/resource/ratmine_Protein	56796	55294
http://mo-ld.org/resource/ratmine_BioEntity	55294	55294	mine_voc:\nhasPrimaryAccession	mine_type:\nPrimaryAccession	55294	55294
http://mo-ld.org/resource/ratmine_Protein	55294	55294	mine_voc:\nhasPrimaryAccession	http://mo-ld.org/mine_type:PrimaryAccession	55294	55294
http://mo-ld.org/resource/ratmine_BioEntity	55290	55290	mine_voc:\nhasSequence	mold_res:\nratmine_Sequence	55290	55290
http://mo-ld.org/resource/ratmine_Protein	55290	55290	mine_voc:\nhasSequence	http://mo-ld.org/resource/ratmine_Sequence	55290	55290
http://mo-ld.org/resource/ratmine_Protein	55290	55290	mine_voc:\nhasLength	http://mo-ld.org/mine_type:Length	55290	2797
http://mo-ld.org/resource/ratmine_Sequence	55290	55290	mine_voc:\nhasLength	http://mo-ld.org/mine_type:Length	55290	2797
http://mo-ld.org/resource/ratmine_Sequence	55290	55290	mine_voc:\nhasResidues	mine_type:\nResidues	55290	55100
http://mo-ld.org/resource/ratmine_BioEntity	55290	55290	mine_voc:\nhasMd5checksum	mine_type:\nMd5checksum	55290	55100
http://mo-ld.org/resource/ratmine_Protein	55290	55290	mine_voc:\nhasMd5checksum	http://mo-ld.org/mine_type:Md5checksum	55290	55100
http://mo-ld.org/resource/ratmine_Sequence	55290	55290	mine_voc:\nhasMd5checksum	http://mo-ld.org/mine_type:Md5checksum	55290	55100
http://mo-ld.org/resource/ratmine_Protein	55289	55289	mine_voc:\nhasOrganism	http://mo-ld.org/resource/ratmine_Organism	55289	3
mold_res:\nratmine_DOTerm	54143	12074	mine_voc:\nhasOntologyTermSynonym	http://mo-ld.org/resource/ratmine_OntologyTermSynonym	54143	52609
mold_res:\nratmine_Publication	52343	11387	mine_voc:\nhasBioEntity	http://mo-ld.org/resource/ratmine_BioEntity	52343	26892
http://mo-ld.org/resource/ratmine_Publication	52343	11387	mine_voc:\nhasBioEntity	http://mo-ld.org/resource/ratmine_Protein	52343	26892
http://mo-ld.org/resource/ratmine_BioEntity	52343	26892	mine_voc:\nhasPublication	http://mo-ld.org/resource/ratmine_Publication	52343	11387
http://mo-ld.org/resource/ratmine_Protein	52343	26892	mine_voc:\nhasPublication	http://mo-ld.org/resource/ratmine_Publication	52343	11387
mold_res:\nratmine_Synonym	47593	47593	mine_voc:\nhasDataSet	http://mo-ld.org/resource/ratmine_DataSet	47593	2
http://mo-ld.org/resource/ratmine_Synonym	47593	47593	mine_voc:\nhasBioEntity	http://mo-ld.org/resource/ratmine_BioEntity	47593	14720
http://mo-ld.org/resource/ratmine_Synonym	47593	47593	mine_voc:\nhasBioEntity	http://mo-ld.org/resource/ratmine_Protein	47593	14720
http://mo-ld.org/resource/ratmine_BioEntity	47593	14720	mine_voc:\nhasSynonym	http://mo-ld.org/resource/ratmine_Synonym	47593	47593
http://mo-ld.org/resource/ratmine_Protein	47593	14720	mine_voc:\nhasSynonym	http://mo-ld.org/resource/ratmine_Synonym	47593	47593
mold_res:\nratmine_PWEvidence	46472	46472	mine_voc:\nhasPWEvidenceCode	mold_res:\nratmine_PWEvidenceCode	46472	12
http://mo-ld.org/resource/ratmine_PWEvidence	46472	46472	mine_voc:\nhasPWEvidenceCode	http://mo-ld.org/resource/ratmine_GOEvidenceCode	46472	12
http://mo-ld.org/resource/ratmine_OntologyAnnotation	46472	43195	mine_voc:\nhasPWEvidence	http://mo-ld.org/resource/ratmine_PWEvidence	46472	46472
mold_res:\nratmine_PWAnnotation	46472	43195	mine_voc:\nhasPWEvidence	http://mo-ld.org/resource/ratmine_PWEvidence	46472	46472
http://mo-ld.org/resource/ratmine_CrossReference	46213	46213	mine_voc:\nhasBioEntity	http://mo-ld.org/resource/ratmine_BioEntity	46213	24645
http://mo-ld.org/resource/ratmine_BioEntity	46213	24645	mine_voc:\nhasCrossReference	http://mo-ld.org/resource/ratmine_CrossReference	46213	46213
http://mo-ld.org/resource/ratmine_Publication	45727	45727	mine_voc:\nhasPubMedId	mine_type:\nPubMedId	45727	45727
http://mo-ld.org/resource/ratmine_Publication	45704	45704	mine_voc:\nhasTitle	mine_type:\nTitle	45704	45685
http://mo-ld.org/resource/ratmine_Publication	45703	45703	mine_voc:\nhasJournal	mine_type:\nJournal	45703	2284
http://mo-ld.org/resource/ratmine_Publication	45697	45697	mine_voc:\nhasFirstAuthor	mine_type:\nFirstAuthor	45697	33733
http://mo-ld.org/resource/ratmine_Publication	45697	45697	mine_voc:\nhasYear	mine_type:\nYear	45697	51
http://mo-ld.org/resource/ratmine_Publication	45654	45654	mine_voc:\nhasPages	mine_type:\nPages	45654	26400
http://mo-ld.org/resource/ratmine_Publication	45626	45626	mine_voc:\nhasVolume	mine_type:\nVolume	45626	1521
mold_res:\nratmine_DatabaseReference	44546	44546	mine_voc:\nhasDataSource	http://mo-ld.org/resource/ratmine_DataSource	44546	1
http://mo-ld.org/resource/ratmine_DatabaseReference	44546	44546	mine_voc:\nhasIdentifier	http://mo-ld.org/mine_type:Identifier	44546	16180
http://mo-ld.org/resource/ratmine_DOAnnotation	44242	44242	mine_voc:\nhasWithText	http://mo-ld.org/mine_type:WithText	44242	5555
http://mo-ld.org/resource/ratmine_Publication	44186	44186	mine_voc:\nhasIssue	mine_type:\nIssue	44186	874
http://mo-ld.org/resource/ratmine_CrossReference	43568	43568	mine_voc:\nhasBioEntity	http://mo-ld.org/resource/ratmine_Protein	43568	22000
http://mo-ld.org/resource/ratmine_Protein	43568	22000	mine_voc:\nhasCrossReference	http://mo-ld.org/resource/ratmine_CrossReference	43568	43568
mold_res:\nratmine_PWAnnotation	43195	43195	mine_voc:\nhasDataSet	http://mo-ld.org/resource/ratmine_DataSet	43195	3
http://mo-ld.org/resource/ratmine_PWAnnotation	43195	43195	mine_voc:\nhasBioEntity	http://mo-ld.org/resource/ratmine_BioEntity	43195	14973
http://mo-ld.org/resource/ratmine_PWAnnotation	43195	43195	mine_voc:\nhasBioEntity	http://mo-ld.org/resource/ratmine_SequenceFeature	43195	14973
http://mo-ld.org/resource/ratmine_PWAnnotation	43195	43195	mine_voc:\nhasBioEntity	http://mo-ld.org/resource/ratmine_Gene	43195	14973
http://mo-ld.org/resource/ratmine_PWAnnotation	43195	43195	mine_voc:\nhasOntologyTerm	http://mo-ld.org/resource/ratmine_OntologyTerm	43195	476
http://mo-ld.org/resource/ratmine_OntologyAnnotation	43195	43195	mine_voc:\nhasOntologyTerm	mold_res:\nratmine_PWTerm	43195	476
http://mo-ld.org/resource/ratmine_PWAnnotation	43195	43195	mine_voc:\nhasOntologyTerm	http://mo-ld.org/resource/ratmine_PWTerm	43195	476
http://mo-ld.org/resource/ratmine_BioEntity	43195	14973	mine_voc:\nhasPWAnnotation	http://mo-ld.org/resource/ratmine_OntologyAnnotation	43195	43195
http://mo-ld.org/resource/ratmine_Gene	43195	14973	mine_voc:\nhasPWAnnotation	http://mo-ld.org/resource/ratmine_PWAnnotation	43195	43195
http://mo-ld.org/resource/ratmine_SequenceFeature	43195	14973	mine_voc:\nhasPWAnnotation	http://mo-ld.org/resource/ratmine_OntologyAnnotation	43195	43195
http://mo-ld.org/resource/ratmine_Gene	43195	14973	mine_voc:\nhasPWAnnotation	http://mo-ld.org/resource/ratmine_OntologyAnnotation	43195	43195
http://mo-ld.org/resource/ratmine_SequenceFeature	43195	14973	mine_voc:\nhasPWAnnotation	http://mo-ld.org/resource/ratmine_PWAnnotation	43195	43195
http://mo-ld.org/resource/ratmine_BioEntity	43195	14973	mine_voc:\nhasPWAnnotation	http://mo-ld.org/resource/ratmine_PWAnnotation	43195	43195
http://mo-ld.org/resource/ratmine_PWTerm	43195	476	mine_voc:\nhasOntologyAnnotation	http://mo-ld.org/resource/ratmine_OntologyAnnotation	43195	43195
http://mo-ld.org/resource/ratmine_OntologyTerm	43195	476	mine_voc:\nhasOntologyAnnotation	http://mo-ld.org/resource/ratmine_PWAnnotation	43195	43195
http://mo-ld.org/resource/ratmine_PWTerm	43195	476	mine_voc:\nhasOntologyAnnotation	http://mo-ld.org/resource/ratmine_PWAnnotation	43195	43195
http://mo-ld.org/resource/ratmine_BioEntity	43195	14973	mine_voc:\nhasOntologyAnnotation	http://mo-ld.org/resource/ratmine_PWAnnotation	43195	43195
http://mo-ld.org/resource/ratmine_SequenceFeature	43195	14973	mine_voc:\nhasOntologyAnnotation	http://mo-ld.org/resource/ratmine_PWAnnotation	43195	43195
http://mo-ld.org/resource/ratmine_Gene	43195	14973	mine_voc:\nhasOntologyAnnotation	http://mo-ld.org/resource/ratmine_PWAnnotation	43195	43195
http://mo-ld.org/resource/ratmine_OntologyRelation	42662	21331	mine_voc:\nhasOntologyTerm	mold_res:\nratmine_SOTerm	42662	1935
http://mo-ld.org/resource/ratmine_SOTerm	42662	1935	mine_voc:\nhasOntologyRelation	http://mo-ld.org/resource/ratmine_OntologyRelation	42662	21331
http://mo-ld.org/resource/ratmine_Gene	39268	39268	mine_voc:\nhasEnsemblIdentifier	mine_type:\nEnsemblIdentifier	39268	38965
http://mo-ld.org/resource/ratmine_SequenceFeature	39268	39268	mine_voc:\nhasEnsemblIdentifier	http://mo-ld.org/mine_type:EnsemblIdentifier	39268	38965
http://mo-ld.org/resource/ratmine_BioEntity	39268	39268	mine_voc:\nhasEnsemblIdentifier	http://mo-ld.org/mine_type:EnsemblIdentifier	39268	38965
http://mo-ld.org/resource/ratmine_GOTerm	37970	37970	mine_voc:\nhasIdentifier	http://mo-ld.org/mine_type:Identifier	37970	37970
http://mo-ld.org/resource/ratmine_GOTerm	37959	37959	mine_voc:\nhasObsolete	mine_type:\nObsolete	37959	1
http://mo-ld.org/resource/ratmine_GOTerm	37959	37959	mine_voc:\nhasDescription	mine_type:\nDescription	37959	37461
http://mo-ld.org/resource/ratmine_GOTerm	37959	37959	mine_voc:\nhasOntology	mold_res:\nratmine_Ontology	37959	1
http://mo-ld.org/resource/ratmine_PWAnnotation	37669	37669	mine_voc:\nhasWithText	http://mo-ld.org/mine_type:WithText	37669	13113
http://mo-ld.org/resource/ratmine_OntologyRelation	36700	18350	mine_voc:\nhasOntologyTerm	mold_res:\nratmine_RSTerm	36700	3434
http://mo-ld.org/resource/ratmine_RSTerm	36700	3434	mine_voc:\nhasOntologyRelation	http://mo-ld.org/resource/ratmine_OntologyRelation	36700	18350
mold_res:\nratmine_OntologyTerm	29231	28386	mine_voc:\nhasDataSet	http://mo-ld.org/resource/ratmine_DataSet	29231	40
mold_res:\nratmine_AnatomyTerm	28364	6671	mine_voc:\nhasOntologyTermSynonym	http://mo-ld.org/resource/ratmine_OntologyTermSynonym	28364	27872
http://mo-ld.org/resource/ratmine_BioEntity	28134	28134	mine_voc:\nhasIsFragment	mine_type:\nIsFragment	28134	1
http://mo-ld.org/resource/ratmine_Protein	28134	28134	mine_voc:\nhasIsFragment	http://mo-ld.org/mine_type:IsFragment	28134	1
http://mo-ld.org/resource/ratmine_BioEntity	28134	28134	mine_voc:\nhasUniprotName	mine_type:\nUniprotName	28134	26633
http://mo-ld.org/resource/ratmine_Protein	28134	28134	mine_voc:\nhasUniprotName	http://mo-ld.org/mine_type:UniprotName	28134	26633
http://mo-ld.org/resource/ratmine_Protein	28134	28134	mine_voc:\nhasPrimaryIdentifier	http://mo-ld.org/mine_type:PrimaryIdentifier	28134	28134
http://mo-ld.org/resource/ratmine_BioEntity	28134	28134	mine_voc:\nhasIsUniprotCanonical	mine_type:\nIsUniprotCanonical	28134	2
http://mo-ld.org/resource/ratmine_Protein	28134	28134	mine_voc:\nhasIsUniprotCanonical	http://mo-ld.org/mine_type:IsUniprotCanonical	28134	2
http://mo-ld.org/resource/ratmine_BioEntity	28134	28134	mine_voc:\nhasUniprotAccession	mine_type:\nUniprotAccession	28134	26633
http://mo-ld.org/resource/ratmine_Protein	28134	28134	mine_voc:\nhasUniprotAccession	http://mo-ld.org/mine_type:UniprotAccession	28134	26633
http://mo-ld.org/resource/ratmine_BioEntity	26711	7790	mine_voc:\nhasUniProtFeature	mold_res:\nratmine_UniProtFeature	26711	26711
mold_res:\nratmine_Protein	26711	7790	mine_voc:\nhasUniProtFeature	http://mo-ld.org/resource/ratmine_UniProtFeature	26711	26711
http://mo-ld.org/resource/ratmine_UniProtFeature	26711	26711	mine_voc:\nhasOntologyTerm	http://mo-ld.org/resource/ratmine_OntologyTerm	26711	8
http://mo-ld.org/resource/ratmine_UniProtFeature	26711	26711	mine_voc:\nhasType	http://mo-ld.org/mine_type:Type	26711	8
http://mo-ld.org/resource/ratmine_UniProtFeature	26711	26711	mine_voc:\nhasProtein	http://mo-ld.org/resource/ratmine_BioEntity	26711	7790
http://mo-ld.org/resource/ratmine_UniProtFeature	26711	26711	mine_voc:\nhasProtein	http://mo-ld.org/resource/ratmine_Protein	26711	7790
http://mo-ld.org/resource/ratmine_UniProtFeature	26691	26691	mine_voc:\nhasBegin	mine_type:\nBegin	26691	1892
http://mo-ld.org/resource/ratmine_UniProtFeature	26688	26688	mine_voc:\nhasEnd	mine_type:\nEnd	26688	2023
http://mo-ld.org/resource/ratmine_BioEntity	26633	26633	mine_voc:\nhasMolecularWeight	mine_type:\nMolecularWeight	26633	23253
http://mo-ld.org/resource/ratmine_Protein	26633	26633	mine_voc:\nhasMolecularWeight	http://mo-ld.org/mine_type:MolecularWeight	26633	23253
http://mo-ld.org/resource/ratmine_BioEntity	26355	25573	mine_voc:\nhasGene	http://mo-ld.org/resource/ratmine_BioEntity	26355	19548
http://mo-ld.org/resource/ratmine_Protein	26355	25573	mine_voc:\nhasGene	http://mo-ld.org/resource/ratmine_BioEntity	26355	19548
http://mo-ld.org/resource/ratmine_BioEntity	26355	25573	mine_voc:\nhasGene	http://mo-ld.org/resource/ratmine_SequenceFeature	26355	19548
http://mo-ld.org/resource/ratmine_Protein	26355	25573	mine_voc:\nhasGene	http://mo-ld.org/resource/ratmine_SequenceFeature	26355	19548
http://mo-ld.org/resource/ratmine_BioEntity	26355	25573	mine_voc:\nhasGene	http://mo-ld.org/resource/ratmine_Gene	26355	19548
http://mo-ld.org/resource/ratmine_Protein	26355	25573	mine_voc:\nhasGene	http://mo-ld.org/resource/ratmine_Gene	26355	19548
http://mo-ld.org/resource/ratmine_SequenceFeature	26355	19548	mine_voc:\nhasProtein	http://mo-ld.org/resource/ratmine_BioEntity	26355	25573
http://mo-ld.org/resource/ratmine_Gene	26355	19548	mine_voc:\nhasProtein	http://mo-ld.org/resource/ratmine_BioEntity	26355	25573
http://mo-ld.org/resource/ratmine_SequenceFeature	26355	19548	mine_voc:\nhasProtein	http://mo-ld.org/resource/ratmine_Protein	26355	25573
http://mo-ld.org/resource/ratmine_Gene	26355	19548	mine_voc:\nhasProtein	http://mo-ld.org/resource/ratmine_Protein	26355	25573
mold_res:\nratmine_InteractionDetail	24586	8082	mine_voc:\nhasGene	http://mo-ld.org/resource/ratmine_BioEntity	24586	2465
http://mo-ld.org/resource/ratmine_InteractionDetail	24586	8082	mine_voc:\nhasGene	http://mo-ld.org/resource/ratmine_SequenceFeature	24586	2465
http://mo-ld.org/resource/ratmine_InteractionDetail	24586	8082	mine_voc:\nhasGene	http://mo-ld.org/resource/ratmine_Gene	24586	2465
mold_res:\nratmine_OMIM	22948	22948	mine_voc:\nhasPrimaryIdentifier	http://mo-ld.org/mine_type:PrimaryIdentifier	22948	22948
mold_res:\nratmine_OMIM	22759	22759	mine_voc:\nhasTitle	http://mo-ld.org/mine_type:Title	22759	22540
mold_res:\nratmine_OMIM	21346	13804	mine_voc:\nhasOMIMMethod	mold_res:\nratmine_OMIMMethod	21346	31
http://mo-ld.org/resource/ratmine_OntologyAnnotation	20485	20485	mine_voc:\nhasQualifier	mine_type:\nQualifier	20485	25
http://mo-ld.org/resource/ratmine_SequenceFeature	18469	14087	mine_voc:\nhasOMIM	http://mo-ld.org/resource/ratmine_OMIM	18469	17573
http://mo-ld.org/resource/ratmine_BioEntity	18469	14087	mine_voc:\nhasOMIM	http://mo-ld.org/resource/ratmine_OMIM	18469	17573
http://mo-ld.org/resource/ratmine_Gene	18469	14087	mine_voc:\nhasOMIM	http://mo-ld.org/resource/ratmine_OMIM	18469	17573
http://mo-ld.org/resource/ratmine_OMIM	18469	17573	mine_voc:\nhasGene	http://mo-ld.org/resource/ratmine_BioEntity	18469	14087
http://mo-ld.org/resource/ratmine_OMIM	18469	17573	mine_voc:\nhasGene	http://mo-ld.org/resource/ratmine_SequenceFeature	18469	14087
http://mo-ld.org/resource/ratmine_OMIM	18469	17573	mine_voc:\nhasGene	http://mo-ld.org/resource/ratmine_Gene	18469	14087
mold_res:\nratmine_Pathway	16394	217	mine_voc:\nhasGene	http://mo-ld.org/resource/ratmine_BioEntity	16394	6412
http://mo-ld.org/resource/ratmine_Pathway	16394	217	mine_voc:\nhasGene	http://mo-ld.org/resource/ratmine_SequenceFeature	16394	6412
http://mo-ld.org/resource/ratmine_Pathway	16394	217	mine_voc:\nhasGene	http://mo-ld.org/resource/ratmine_Gene	16394	6412
http://mo-ld.org/resource/ratmine_BioEntity	16394	6412	mine_voc:\nhasPathway	http://mo-ld.org/resource/ratmine_Pathway	16394	217
http://mo-ld.org/resource/ratmine_SequenceFeature	16394	6412	mine_voc:\nhasPathway	http://mo-ld.org/resource/ratmine_Pathway	16394	217
http://mo-ld.org/resource/ratmine_Gene	16394	6412	mine_voc:\nhasPathway	http://mo-ld.org/resource/ratmine_Pathway	16394	217
mold_res:\nratmine_MPTerm	16359	5891	mine_voc:\nhasOntologyTermSynonym	http://mo-ld.org/resource/ratmine_OntologyTermSynonym	16359	16265
http://mo-ld.org/resource/ratmine_UniProtFeature	16208	16208	mine_voc:\nhasDescription	http://mo-ld.org/mine_type:Description	16208	9904
http://mo-ld.org/resource/ratmine_OntologyRelation	15954	7977	mine_voc:\nhasOntologyTerm	http://mo-ld.org/resource/ratmine_PWTerm	15954	1424
http://mo-ld.org/resource/ratmine_PWTerm	15954	1424	mine_voc:\nhasOntologyRelation	http://mo-ld.org/resource/ratmine_OntologyRelation	15954	7977
http://mo-ld.org/resource/ratmine_BioEntity	15684	15684	mine_voc:\nhasPharmGKBidentifier	mine_type:\nPharmGKBidentifier	15684	15684
http://mo-ld.org/resource/ratmine_Gene	15684	15684	mine_voc:\nhasPharmGKBidentifier	http://mo-ld.org/mine_type:PharmGKBidentifier	15684	15684
http://mo-ld.org/resource/ratmine_SequenceFeature	15684	15684	mine_voc:\nhasPharmGKBidentifier	http://mo-ld.org/mine_type:PharmGKBidentifier	15684	15684
http://mo-ld.org/resource/ratmine_OntologyAnnotation	15519	15519	mine_voc:\nhasBioEntity	mold_res:\nratmine_QTL	15519	6342
http://mo-ld.org/resource/ratmine_QTL	15519	6342	mine_voc:\nhasOntologyAnnotation	http://mo-ld.org/resource/ratmine_OntologyAnnotation	15519	15519
mold_res:\nratmine_QTL	14935	6958	mine_voc:\nhasDataSet	http://mo-ld.org/resource/ratmine_DataSet	14935	6
http://mo-ld.org/resource/ratmine_DataSet	14935	6	mine_voc:\nhasBioEntity	http://mo-ld.org/resource/ratmine_QTL	14935	6958
mold_res:\nratmine_GOTerm	14755	14755	mine_voc:\nhasDataSet	http://mo-ld.org/resource/ratmine_DataSet	14755	22
mold_res:\nratmine_OMIM	13841	13841	mine_voc:\nhasDateEntered	mine_type:\nDateEntered	13841	2478
http://mo-ld.org/resource/ratmine_OMIM	13841	13841	mine_voc:\nhasCytogenticLocation	mine_type:\nCytogenticLocation	13841	1747
http://mo-ld.org/resource/ratmine_OMIM	13838	13838	mine_voc:\nhasStatus	mine_type:\nStatus	13838	4
http://mo-ld.org/resource/ratmine_DOTerm	12093	12093	mine_voc:\nhasIdentifier	http://mo-ld.org/mine_type:Identifier	12093	12093
http://mo-ld.org/resource/ratmine_DOTerm	12092	12092	mine_voc:\nhasObsolete	http://mo-ld.org/mine_type:Obsolete	12092	1
http://mo-ld.org/resource/ratmine_DOTerm	12092	12092	mine_voc:\nhasOntology	http://mo-ld.org/resource/ratmine_Ontology	12092	1
mold_res:\nratmine_Interaction	12029	6015	mine_voc:\nhasGene	http://mo-ld.org/resource/ratmine_BioEntity	12029	2465
http://mo-ld.org/resource/ratmine_Interaction	12029	6015	mine_voc:\nhasGene	http://mo-ld.org/resource/ratmine_SequenceFeature	12029	2465
http://mo-ld.org/resource/ratmine_Interaction	12029	6015	mine_voc:\nhasGene	http://mo-ld.org/resource/ratmine_Gene	12029	2465
http://mo-ld.org/resource/ratmine_DOAnnotation	11842	11842	mine_voc:\nhasQualifier	http://mo-ld.org/mine_type:Qualifier	11842	19
http://mo-ld.org/resource/ratmine_MPAnnotation	11724	11724	mine_voc:\nhasBioEntity	http://mo-ld.org/resource/ratmine_QTL	11724	6237
http://mo-ld.org/resource/ratmine_QTL	11724	6237	mine_voc:\nhasOntologyAnnotation	http://mo-ld.org/resource/ratmine_MPAnnotation	11724	11724
http://mo-ld.org/resource/ratmine_OntologyRelation	10400	5200	mine_voc:\nhasOntologyTerm	mold_res:\nratmine_InteractionTerm	10400	1170
http://mo-ld.org/resource/ratmine_InteractionTerm	10400	1170	mine_voc:\nhasOntologyRelation	http://mo-ld.org/resource/ratmine_OntologyRelation	10400	5200
http://mo-ld.org/resource/ratmine_PWEvidence	10225	8551	mine_voc:\nhasPublication	http://mo-ld.org/resource/ratmine_Publication	10225	1016
http://mo-ld.org/resource/ratmine_BioEntity	9316	9316	mine_voc:\nhasShortName	mine_type:\nShortName	9316	9316
mold_res:\nratmine_ProteinDomain	9316	9316	mine_voc:\nhasShortName	http://mo-ld.org/mine_type:ShortName	9316	9316
http://mo-ld.org/resource/ratmine_ProteinDomain	9316	9316	mine_voc:\nhasDataSet	http://mo-ld.org/resource/ratmine_DataSet	9316	2
http://mo-ld.org/resource/ratmine_DataSet	9316	2	mine_voc:\nhasBioEntity	http://mo-ld.org/resource/ratmine_ProteinDomain	9316	9316
http://mo-ld.org/resource/ratmine_ProteinDomain	9316	9316	mine_voc:\nhasPrimaryIdentifier	http://mo-ld.org/mine_type:PrimaryIdentifier	9316	9316
http://mo-ld.org/resource/ratmine_MPTerm	9129	9129	mine_voc:\nhasIdentifier	http://mo-ld.org/mine_type:Identifier	9129	9129
http://mo-ld.org/resource/ratmine_MPTerm	9122	9122	mine_voc:\nhasObsolete	http://mo-ld.org/mine_type:Obsolete	9122	1
http://mo-ld.org/resource/ratmine_MPTerm	9122	9122	mine_voc:\nhasOntology	http://mo-ld.org/resource/ratmine_Ontology	9122	1
http://mo-ld.org/resource/ratmine_MPTerm	9026	9026	mine_voc:\nhasDescription	http://mo-ld.org/mine_type:Description	9026	9016
http://mo-ld.org/resource/ratmine_AnatomyTerm	8533	8533	mine_voc:\nhasObsolete	http://mo-ld.org/mine_type:Obsolete	8533	1
http://mo-ld.org/resource/ratmine_AnatomyTerm	8533	8533	mine_voc:\nhasIdentifier	http://mo-ld.org/mine_type:Identifier	8533	8533
http://mo-ld.org/resource/ratmine_AnatomyTerm	8533	8533	mine_voc:\nhasOntology	http://mo-ld.org/resource/ratmine_Ontology	8533	1
http://mo-ld.org/resource/ratmine_GOAnnotation	8207	8207	mine_voc:\nhasQualifier	mine_type:\nQualifier	8207	8
mold_res:\nratmine_InteractionDetail	8082	8082	mine_voc:\nhasDataSet	http://mo-ld.org/resource/ratmine_DataSet	8082	2
mold_res:\nratmine_Interaction	8082	6015	mine_voc:\nhasInteractionDetail	http://mo-ld.org/resource/ratmine_InteractionDetail	8082	8082
mold_res:\nratmine_InteractionExperiment	8082	1177	mine_voc:\nhasInteractionDetail	http://mo-ld.org/resource/ratmine_InteractionDetail	8082	8082
http://mo-ld.org/resource/ratmine_InteractionDetail	8082	8082	mine_voc:\nhasInteractionExperiment	http://mo-ld.org/resource/ratmine_InteractionExperiment	8082	1177
http://mo-ld.org/resource/ratmine_InteractionDetail	8082	8082	mine_voc:\nhasInteractionTerm	http://mo-ld.org/resource/ratmine_InteractionTerm	8082	9
http://mo-ld.org/resource/ratmine_InteractionDetail	8082	8082	mine_voc:\nhasInteractionTerm	http://mo-ld.org/resource/ratmine_OntologyTerm	8082	9
http://mo-ld.org/resource/ratmine_InteractionDetail	8082	8082	mine_voc:\nhasType	http://mo-ld.org/mine_type:Type	8082	2
http://mo-ld.org/resource/ratmine_InteractionDetail	8082	8082	mine_voc:\nhasRole1	mine_type:\nRole1	8082	8
http://mo-ld.org/resource/ratmine_InteractionDetail	8082	8082	mine_voc:\nhasRole2	mine_type:\nRole2	8082	8
http://mo-ld.org/resource/ratmine_InteractionDetail	8082	8082	mine_voc:\nhasInteraction	http://mo-ld.org/resource/ratmine_Interaction	8082	6015
mold_res:\nratmine_MPTerm	7878	7630	mine_voc:\nhasDataSet	http://mo-ld.org/resource/ratmine_DataSet	7878	2
http://mo-ld.org/resource/ratmine_OntologyRelation	7224	3612	mine_voc:\nhasOntologyTerm	mold_res:\nratmine_NBOTerm	7224	812
http://mo-ld.org/resource/ratmine_NBOTerm	7224	812	mine_voc:\nhasOntologyRelation	http://mo-ld.org/resource/ratmine_OntologyRelation	7224	3612
http://mo-ld.org/resource/ratmine_QTL	6958	6958	mine_voc:\nhasSOTerm	http://mo-ld.org/resource/ratmine_OntologyTerm	6958	1
http://mo-ld.org/resource/ratmine_QTL	6958	6958	mine_voc:\nhasSOTerm	http://mo-ld.org/resource/ratmine_SOTerm	6958	1
http://mo-ld.org/resource/ratmine_QTL	6958	6958	mine_voc:\nhasOrganism	http://mo-ld.org/resource/ratmine_Organism	6958	3
http://mo-ld.org/resource/ratmine_QTL	6958	6958	mine_voc:\nhasPrimaryIdentifier	http://mo-ld.org/mine_type:PrimaryIdentifier	6958	6958
http://mo-ld.org/resource/ratmine_AnatomyTerm	6748	6748	mine_voc:\nhasDescription	http://mo-ld.org/mine_type:Description	6748	6711
http://mo-ld.org/resource/ratmine_MPEvidence	6674	6634	mine_voc:\nhasPublication	http://mo-ld.org/resource/ratmine_Publication	6674	1285
http://mo-ld.org/resource/ratmine_OMIM	6152	4257	mine_voc:\nhasOMIMPhenotype	mold_res:\nratmine_OMIMPhenotype	6152	5813
http://mo-ld.org/resource/ratmine_RSTerm	6112	6112	mine_voc:\nhasIdentifier	http://mo-ld.org/mine_type:Identifier	6112	3434
mold_res:\nratmine_RSTerm	6107	2799	mine_voc:\nhasOntologyTermSynonym	http://mo-ld.org/resource/ratmine_OntologyTermSynonym	6107	6106
http://mo-ld.org/resource/ratmine_BioEntity	6015	2465	mine_voc:\nhasInteraction	http://mo-ld.org/resource/ratmine_Interaction	6015	6015
http://mo-ld.org/resource/ratmine_SequenceFeature	6015	2465	mine_voc:\nhasInteraction	http://mo-ld.org/resource/ratmine_Interaction	6015	6015
http://mo-ld.org/resource/ratmine_Gene	6015	2465	mine_voc:\nhasInteraction	http://mo-ld.org/resource/ratmine_Interaction	6015	6015
mold_res:\nratmine_OMIMPhenotype	5813	5813	mine_voc:\nhasOMIMMethod	mold_res:\nratmine_OMIMMethod	5813	4
http://mo-ld.org/resource/ratmine_OMIMPhenotype	5813	5813	mine_voc:\nhasTitle	http://mo-ld.org/mine_type:Title	5813	5813
http://mo-ld.org/resource/ratmine_OMIMPhenotype	5813	5813	mine_voc:\nhasOMIM	http://mo-ld.org/resource/ratmine_OMIM	5813	4981
mold_res:\nratmine_QTL	5315	5315	mine_voc:\nhasSymbol	http://mo-ld.org/mine_type:Symbol	5315	5315
http://mo-ld.org/resource/ratmine_QTL	5315	5315	mine_voc:\nhasLocation	http://mo-ld.org/resource/ratmine_Location	5315	5315
http://mo-ld.org/resource/ratmine_Location	5315	5315	mine_voc:\nhasBioEntity	http://mo-ld.org/resource/ratmine_QTL	5315	5315
http://mo-ld.org/resource/ratmine_QTL	5315	5315	mine_voc:\nhasLength	http://mo-ld.org/mine_type:Length	5315	2331
http://mo-ld.org/resource/ratmine_QTL	5315	5315	mine_voc:\nhasChromosome	http://mo-ld.org/resource/ratmine_BioEntity	5315	64
http://mo-ld.org/resource/ratmine_QTL	5315	5315	mine_voc:\nhasChromosome	http://mo-ld.org/resource/ratmine_Chromosome	5315	64
http://mo-ld.org/resource/ratmine_QTL	5315	5315	mine_voc:\nhasChromosome	http://mo-ld.org/resource/ratmine_SequenceFeature	5315	64
http://mo-ld.org/resource/ratmine_QTL	5315	5315	mine_voc:\nhasSecondaryIdentifier	http://mo-ld.org/mine_type:SecondaryIdentifier	5315	5315
http://mo-ld.org/resource/ratmine_QTL	5315	5315	mine_voc:\nhasDescription	http://mo-ld.org/mine_type:Description	5315	398
http://mo-ld.org/resource/ratmine_DOTerm	4621	4621	mine_voc:\nhasDescription	http://mo-ld.org/mine_type:Description	4621	4621
mold_res:\nratmine_DOTerm	4272	4264	mine_voc:\nhasDataSet	http://mo-ld.org/resource/ratmine_DataSet	4272	2
http://mo-ld.org/resource/ratmine_DOAnnotation	3795	3795	mine_voc:\nhasBioEntity	http://mo-ld.org/resource/ratmine_QTL	3795	3383
http://mo-ld.org/resource/ratmine_QTL	3795	3383	mine_voc:\nhasDOAnnotation	http://mo-ld.org/resource/ratmine_DOAnnotation	3795	3795
http://mo-ld.org/resource/ratmine_QTL	3795	3383	mine_voc:\nhasDOAnnotation	http://mo-ld.org/resource/ratmine_OntologyAnnotation	3795	3795
http://mo-ld.org/resource/ratmine_QTL	3795	3383	mine_voc:\nhasOntologyAnnotation	http://mo-ld.org/resource/ratmine_DOAnnotation	3795	3795
http://mo-ld.org/resource/ratmine_RSTerm	3434	3434	mine_voc:\nhasObsolete	http://mo-ld.org/mine_type:Obsolete	3434	1
http://mo-ld.org/resource/ratmine_RSTerm	3434	3434	mine_voc:\nhasOntology	http://mo-ld.org/resource/ratmine_Ontology	3434	1
mold_res:\nratmine_SOTerm	3081	1808	mine_voc:\nhasOntologyTermSynonym	http://mo-ld.org/resource/ratmine_OntologyTermSynonym	3081	3059
http://mo-ld.org/resource/ratmine_BioEntity	2698	2456	mine_voc:\nhasECNumber	mold_res:\nratmine_ECNumber	2698	994
http://mo-ld.org/resource/ratmine_Protein	2698	2456	mine_voc:\nhasECNumber	http://mo-ld.org/resource/ratmine_ECNumber	2698	994
http://mo-ld.org/resource/ratmine_ECNumber	2698	994	mine_voc:\nhasProtein	http://mo-ld.org/resource/ratmine_BioEntity	2698	2456
http://mo-ld.org/resource/ratmine_ECNumber	2698	994	mine_voc:\nhasProtein	http://mo-ld.org/resource/ratmine_Protein	2698	2456
mold_res:\nratmine_Strain	2689	2689	mine_voc:\nhasDataSet	http://mo-ld.org/resource/ratmine_DataSet	2689	1
http://mo-ld.org/resource/ratmine_Strain	2689	2689	mine_voc:\nhasOrganism	http://mo-ld.org/resource/ratmine_Organism	2689	1
http://mo-ld.org/resource/ratmine_Strain	2689	2689	mine_voc:\nhasPrimaryIdentifier	http://mo-ld.org/mine_type:PrimaryIdentifier	2689	2686
http://mo-ld.org/resource/ratmine_Organism	2689	1	mine_voc:\nhasStrain	http://mo-ld.org/resource/ratmine_Strain	2689	2689
mold_res:\nratmine_Strain	2683	2683	mine_voc:\nhasSymbol	http://mo-ld.org/mine_type:Symbol	2683	2683
http://mo-ld.org/resource/ratmine_Strain	2681	2681	mine_voc:\nhasType	http://mo-ld.org/mine_type:Type	2681	13
http://mo-ld.org/resource/ratmine_OntologyTerm	2678	2678	mine_voc:\nhasStrain	http://mo-ld.org/resource/ratmine_Strain	2678	2678
http://mo-ld.org/resource/ratmine_RSTerm	2678	2678	mine_voc:\nhasStrain	http://mo-ld.org/resource/ratmine_Strain	2678	2678
http://mo-ld.org/resource/ratmine_Strain	2678	2678	mine_voc:\nhasRSTerm	http://mo-ld.org/resource/ratmine_RSTerm	2678	2678
http://mo-ld.org/resource/ratmine_Strain	2678	2678	mine_voc:\nhasRSTerm	http://mo-ld.org/resource/ratmine_OntologyTerm	2678	2678
http://mo-ld.org/resource/ratmine_Strain	2667	2667	mine_voc:\nhasOrigin	mine_type:\nOrigin	2667	1529
http://mo-ld.org/resource/ratmine_CrossReference	2645	2645	mine_voc:\nhasBioEntity	http://mo-ld.org/resource/ratmine_SequenceFeature	2645	2645
http://mo-ld.org/resource/ratmine_CrossReference	2645	2645	mine_voc:\nhasBioEntity	http://mo-ld.org/resource/ratmine_Gene	2645	2645
http://mo-ld.org/resource/ratmine_SequenceFeature	2645	2645	mine_voc:\nhasCrossReference	http://mo-ld.org/resource/ratmine_CrossReference	2645	2645
http://mo-ld.org/resource/ratmine_Gene	2645	2645	mine_voc:\nhasCrossReference	http://mo-ld.org/resource/ratmine_CrossReference	2645	2645
http://mo-ld.org/resource/ratmine_Strain	2513	2513	mine_voc:\nhasSource	mine_type:\nSource	2513	349
http://mo-ld.org/resource/ratmine_SOTerm	1935	1935	mine_voc:\nhasObsolete	http://mo-ld.org/mine_type:Obsolete	1935	1
http://mo-ld.org/resource/ratmine_SOTerm	1935	1935	mine_voc:\nhasIdentifier	http://mo-ld.org/mine_type:Identifier	1935	1935
http://mo-ld.org/resource/ratmine_SOTerm	1935	1935	mine_voc:\nhasOntology	http://mo-ld.org/resource/ratmine_Ontology	1935	1
http://mo-ld.org/resource/ratmine_InteractionExperiment	1788	1235	mine_voc:\nhasInteractionTerm	http://mo-ld.org/resource/ratmine_OntologyTerm	1788	65
http://mo-ld.org/resource/ratmine_InteractionExperiment	1788	1235	mine_voc:\nhasInteractionTerm	http://mo-ld.org/resource/ratmine_InteractionTerm	1788	65
http://mo-ld.org/resource/ratmine_SOTerm	1706	1706	mine_voc:\nhasDescription	http://mo-ld.org/mine_type:Description	1706	1691
mold_res:\nratmine_Expression	1572	1572	mine_voc:\nhasTissue	mine_type:\nTissue	1572	2
http://mo-ld.org/resource/ratmine_BioEntity	1572	937	mine_voc:\nhaseQTL	mold_res:\nratmine_DataPoint	1572	786
http://mo-ld.org/resource/ratmine_BioEntity	1572	937	mine_voc:\nhaseQTL	mold_res:\nratmine_eQTL	1572	786
http://mo-ld.org/resource/ratmine_DataPoint	1572	786	mine_voc:\nhasExpression	http://mo-ld.org/resource/ratmine_Expression	1572	1572
http://mo-ld.org/resource/ratmine_eQTL	1572	786	mine_voc:\nhasExpression	http://mo-ld.org/resource/ratmine_Expression	1572	1572
http://mo-ld.org/resource/ratmine_Expression	1572	1572	mine_voc:\nhasFoldChange	mine_type:\nFoldChange	1572	141
http://mo-ld.org/resource/ratmine_Expression	1572	1572	mine_voc:\nhasPval	mine_type:\nPval	1572	1252
mold_res:\nratmine_PWTerm	1424	1424	mine_voc:\nhasObsolete	http://mo-ld.org/mine_type:Obsolete	1424	1
http://mo-ld.org/resource/ratmine_PWTerm	1424	1424	mine_voc:\nhasIdentifier	http://mo-ld.org/mine_type:Identifier	1424	1424
http://mo-ld.org/resource/ratmine_PWTerm	1424	1424	mine_voc:\nhasOntology	http://mo-ld.org/resource/ratmine_Ontology	1424	1
http://mo-ld.org/resource/ratmine_InteractionExperiment	1235	1235	mine_voc:\nhasPublication	http://mo-ld.org/resource/ratmine_Publication	1235	931
http://mo-ld.org/resource/ratmine_InteractionExperiment	1235	1235	mine_voc:\nhasDescription	http://mo-ld.org/mine_type:Description	1235	934
http://mo-ld.org/resource/ratmine_PWTerm	1226	1226	mine_voc:\nhasDescription	http://mo-ld.org/mine_type:Description	1226	1218
http://mo-ld.org/resource/ratmine_InteractionTerm	1171	1171	mine_voc:\nhasIdentifier	http://mo-ld.org/mine_type:Identifier	1171	1171
mold_res:\nratmine_InteractionTerm	1170	1170	mine_voc:\nhasObsolete	http://mo-ld.org/mine_type:Obsolete	1170	1
http://mo-ld.org/resource/ratmine_InteractionTerm	1170	1170	mine_voc:\nhasOntology	http://mo-ld.org/resource/ratmine_Ontology	1170	1
http://mo-ld.org/resource/ratmine_InteractionTerm	1050	1050	mine_voc:\nhasDescription	http://mo-ld.org/mine_type:Description	1050	1041
mold_res:\nratmine_InteractionTerm	1036	701	mine_voc:\nhasOntologyTermSynonym	http://mo-ld.org/resource/ratmine_OntologyTermSynonym	1036	1003
mold_res:\nratmine_ECNumber	994	994	mine_voc:\nhasIdentifier	http://mo-ld.org/mine_type:Identifier	994	994
mold_res:\nratmine_NBOTerm	812	812	mine_voc:\nhasObsolete	http://mo-ld.org/mine_type:Obsolete	812	1
http://mo-ld.org/resource/ratmine_NBOTerm	812	812	mine_voc:\nhasIdentifier	http://mo-ld.org/mine_type:Identifier	812	812
http://mo-ld.org/resource/ratmine_NBOTerm	812	812	mine_voc:\nhasOntology	http://mo-ld.org/resource/ratmine_Ontology	812	1
mold_res:\nratmine_DataPoint	786	786	mine_voc:\nhasSimpleSequenceLengthVariation	http://mo-ld.org/resource/ratmine_BioEntity	786	310
mold_res:\nratmine_eQTL	786	786	mine_voc:\nhasSimpleSequenceLengthVariation	http://mo-ld.org/resource/ratmine_BioEntity	786	310
http://mo-ld.org/resource/ratmine_eQTL	786	786	mine_voc:\nhasSimpleSequenceLengthVariation	http://mo-ld.org/resource/ratmine_SequenceFeature	786	310
http://mo-ld.org/resource/ratmine_DataPoint	786	786	mine_voc:\nhasSimpleSequenceLengthVariation	mold_res:\nratmine_Substitution	786	310
http://mo-ld.org/resource/ratmine_eQTL	786	786	mine_voc:\nhasSimpleSequenceLengthVariation	http://mo-ld.org/resource/ratmine_Substitution	786	310
http://mo-ld.org/resource/ratmine_DataPoint	786	786	mine_voc:\nhasSimpleSequenceLengthVariation	http://mo-ld.org/resource/ratmine_SequenceFeature	786	310
http://mo-ld.org/resource/ratmine_eQTL	786	786	mine_voc:\nhasSimpleSequenceLengthVariation	mold_res:\nratmine_SimpleSequenceLengthVariation	786	310
http://mo-ld.org/resource/ratmine_DataPoint	786	786	mine_voc:\nhasSimpleSequenceLengthVariation	http://mo-ld.org/resource/ratmine_SimpleSequenceLengthVariation	786	310
http://mo-ld.org/resource/ratmine_DataPoint	786	786	mine_voc:\nhasOrganism	http://mo-ld.org/resource/ratmine_Organism	786	1
http://mo-ld.org/resource/ratmine_eQTL	786	786	mine_voc:\nhasOrganism	http://mo-ld.org/resource/ratmine_Organism	786	1
http://mo-ld.org/resource/ratmine_eQTL	786	786	mine_voc:\nhasReaperPValue	mine_type:\nReaperPValue	786	295
http://mo-ld.org/resource/ratmine_DataPoint	786	786	mine_voc:\nhasReaperPValue	http://mo-ld.org/mine_type:ReaperPValue	786	295
mold_res:\nratmine_ProbeSet	786	627	mine_voc:\nhaseQTL	http://mo-ld.org/resource/ratmine_DataPoint	786	786
http://mo-ld.org/resource/ratmine_SequenceFeature	786	310	mine_voc:\nhaseQTL	http://mo-ld.org/resource/ratmine_eQTL	786	786
http://mo-ld.org/resource/ratmine_SequenceFeature	786	310	mine_voc:\nhaseQTL	http://mo-ld.org/resource/ratmine_DataPoint	786	786
http://mo-ld.org/resource/ratmine_Substitution	786	310	mine_voc:\nhaseQTL	http://mo-ld.org/resource/ratmine_DataPoint	786	786
http://mo-ld.org/resource/ratmine_Substitution	786	310	mine_voc:\nhaseQTL	http://mo-ld.org/resource/ratmine_eQTL	786	786
http://mo-ld.org/resource/ratmine_ProbeSet	786	627	mine_voc:\nhaseQTL	http://mo-ld.org/resource/ratmine_eQTL	786	786
http://mo-ld.org/resource/ratmine_SimpleSequenceLengthVariation	786	310	mine_voc:\nhaseQTL	http://mo-ld.org/resource/ratmine_DataPoint	786	786
mold_res:\nratmine_SequenceCollection	786	627	mine_voc:\nhaseQTL	http://mo-ld.org/resource/ratmine_eQTL	786	786
http://mo-ld.org/resource/ratmine_SimpleSequenceLengthVariation	786	310	mine_voc:\nhaseQTL	http://mo-ld.org/resource/ratmine_eQTL	786	786
http://mo-ld.org/resource/ratmine_SequenceCollection	786	627	mine_voc:\nhaseQTL	http://mo-ld.org/resource/ratmine_DataPoint	786	786
http://mo-ld.org/resource/ratmine_DataPoint	786	786	mine_voc:\nhasProbeSet	http://mo-ld.org/resource/ratmine_BioEntity	786	627
http://mo-ld.org/resource/ratmine_eQTL	786	786	mine_voc:\nhasProbeSet	http://mo-ld.org/resource/ratmine_BioEntity	786	627
http://mo-ld.org/resource/ratmine_DataPoint	786	786	mine_voc:\nhasProbeSet	http://mo-ld.org/resource/ratmine_ProbeSet	786	627
http://mo-ld.org/resource/ratmine_eQTL	786	786	mine_voc:\nhasProbeSet	http://mo-ld.org/resource/ratmine_ProbeSet	786	627
http://mo-ld.org/resource/ratmine_DataPoint	786	786	mine_voc:\nhasProbeSet	http://mo-ld.org/resource/ratmine_SequenceCollection	786	627
http://mo-ld.org/resource/ratmine_eQTL	786	786	mine_voc:\nhasProbeSet	http://mo-ld.org/resource/ratmine_SequenceCollection	786	627
mold_res:\nratmine_Submission	786	1	mine_voc:\nhasDataPoint	http://mo-ld.org/resource/ratmine_DataPoint	786	786
http://mo-ld.org/resource/ratmine_Submission	786	1	mine_voc:\nhasDataPoint	http://mo-ld.org/resource/ratmine_eQTL	786	786
http://mo-ld.org/resource/ratmine_DataPoint	786	786	mine_voc:\nhasSubmission	http://mo-ld.org/resource/ratmine_Submission	786	1
http://mo-ld.org/resource/ratmine_eQTL	786	786	mine_voc:\nhasSubmission	http://mo-ld.org/resource/ratmine_Submission	786	1
mold_res:\nratmine_PWTerm	746	527	mine_voc:\nhasOntologyTermSynonym	http://mo-ld.org/resource/ratmine_OntologyTermSynonym	746	737
http://mo-ld.org/resource/ratmine_InteractionExperiment	685	426	mine_voc:\nhasComment	http://mo-ld.org/resource/ratmine_Comment	685	685
http://mo-ld.org/resource/ratmine_ProbeSet	627	627	mine_voc:\nhasPrimaryIdentifier	http://mo-ld.org/mine_type:PrimaryIdentifier	627	627
http://mo-ld.org/resource/ratmine_SequenceCollection	627	627	mine_voc:\nhasPrimaryIdentifier	http://mo-ld.org/mine_type:PrimaryIdentifier	627	627
http://mo-ld.org/resource/ratmine_NBOTerm	625	625	mine_voc:\nhasDescription	http://mo-ld.org/mine_type:Description	625	621
mold_res:\nratmine_Component	605	605	mine_voc:\nhasProtein	http://mo-ld.org/resource/ratmine_BioEntity	605	283
http://mo-ld.org/resource/ratmine_Component	605	605	mine_voc:\nhasProtein	http://mo-ld.org/resource/ratmine_Protein	605	283
http://mo-ld.org/resource/ratmine_BioEntity	605	283	mine_voc:\nhasComponent	http://mo-ld.org/resource/ratmine_Component	605	605
http://mo-ld.org/resource/ratmine_Protein	605	283	mine_voc:\nhasComponent	http://mo-ld.org/resource/ratmine_Component	605	605
mold_res:\nratmine_PWTerm	476	476	mine_voc:\nhasDataSet	http://mo-ld.org/resource/ratmine_DataSet	476	3
http://mo-ld.org/resource/ratmine_MPAnnotation	436	436	mine_voc:\nhasQualifier	http://mo-ld.org/mine_type:Qualifier	436	9
mold_res:\nratmine_Pathway	381	381	mine_voc:\nhasDataSet	http://mo-ld.org/resource/ratmine_DataSet	381	1
http://mo-ld.org/resource/ratmine_Pathway	381	381	mine_voc:\nhasIdentifier	http://mo-ld.org/mine_type:Identifier	381	381
mold_res:\nratmine_NBOTerm	363	237	mine_voc:\nhasOntologyTermSynonym	http://mo-ld.org/resource/ratmine_OntologyTermSynonym	363	359
mold_res:\nratmine_Substitution	310	310	mine_voc:\nhasSymbol	http://mo-ld.org/mine_type:Symbol	310	310
mold_res:\nratmine_SimpleSequenceLengthVariation	310	310	mine_voc:\nhasSymbol	http://mo-ld.org/mine_type:Symbol	310	310
mold_res:\nratmine_InteractionTerm	114	101	mine_voc:\nhasDataSet	http://mo-ld.org/resource/ratmine_DataSet	114	2
http://mo-ld.org/resource/ratmine_Chromosome	70	70	mine_voc:\nhasOrganism	http://mo-ld.org/resource/ratmine_Organism	70	3
http://mo-ld.org/resource/ratmine_Chromosome	70	70	mine_voc:\nhasPrimaryIdentifier	http://mo-ld.org/mine_type:PrimaryIdentifier	70	25
http://mo-ld.org/resource/ratmine_Chromosome	66	66	mine_voc:\nhasDataSet	http://mo-ld.org/resource/ratmine_DataSet	66	3
http://mo-ld.org/resource/ratmine_DataSet	66	3	mine_voc:\nhasBioEntity	http://mo-ld.org/resource/ratmine_Chromosome	66	66
http://mo-ld.org/resource/ratmine_Chromosome	66	66	mine_voc:\nhasSOTerm	http://mo-ld.org/resource/ratmine_OntologyTerm	66	1
http://mo-ld.org/resource/ratmine_Chromosome	66	66	mine_voc:\nhasSOTerm	http://mo-ld.org/resource/ratmine_SOTerm	66	1
mold_res:\nratmine_InteractionRegion	59	59	mine_voc:\nhasInteractionDetail	http://mo-ld.org/resource/ratmine_InteractionDetail	59	59
http://mo-ld.org/resource/ratmine_InteractionRegion	59	59	mine_voc:\nhasOntologyTerm	http://mo-ld.org/resource/ratmine_InteractionTerm	59	1
http://mo-ld.org/resource/ratmine_InteractionRegion	59	59	mine_voc:\nhasOntologyTerm	http://mo-ld.org/resource/ratmine_OntologyTerm	59	1
http://mo-ld.org/resource/ratmine_InteractionDetail	59	59	mine_voc:\nhasInteractionRegion	http://mo-ld.org/resource/ratmine_InteractionRegion	59	59
http://mo-ld.org/resource/ratmine_InteractionRegion	59	59	mine_voc:\nhasStartStatus	mine_type:\nStartStatus	59	5
http://mo-ld.org/resource/ratmine_InteractionRegion	59	59	mine_voc:\nhasGene	http://mo-ld.org/resource/ratmine_BioEntity	59	19
http://mo-ld.org/resource/ratmine_InteractionRegion	59	59	mine_voc:\nhasGene	http://mo-ld.org/resource/ratmine_SequenceFeature	59	19
http://mo-ld.org/resource/ratmine_InteractionRegion	59	59	mine_voc:\nhasGene	http://mo-ld.org/resource/ratmine_Gene	59	19
http://mo-ld.org/resource/ratmine_InteractionRegion	59	59	mine_voc:\nhasEndStatus	mine_type:\nEndStatus	59	5
http://mo-ld.org/resource/ratmine_GOEvidenceCode	54	54	mine_voc:\nhasCode	mine_type:\nCode	54	23
mold_res:\nratmine_DataSource	43	12	mine_voc:\nhasDataSet	http://mo-ld.org/resource/ratmine_DataSet	43	43
http://mo-ld.org/resource/ratmine_DataSet	43	43	mine_voc:\nhasDataSource	http://mo-ld.org/resource/ratmine_DataSource	43	12
http://mo-ld.org/resource/ratmine_RSTerm	40	40	mine_voc:\nhasDescription	http://mo-ld.org/mine_type:Description	40	1
mold_res:\nratmine_InteractionRegion	38	38	mine_voc:\nhasLocation	http://mo-ld.org/resource/ratmine_Location	38	38
http://mo-ld.org/resource/ratmine_OMIMMethod	35	35	mine_voc:\nhasCode	mine_type:\nCode	35	35
http://mo-ld.org/resource/ratmine_OMIMMethod	35	35	mine_voc:\nhasDescription	mine_type:\nDescription	35	31
mold_res:\nratmine_SOTerm	15	3	mine_voc:\nhasDataSet	http://mo-ld.org/resource/ratmine_DataSet	15	9
http://mo-ld.org/resource/ratmine_DOEvidenceCode	12	12	mine_voc:\nhasCode	mine_type:\nCode	12	12
mold_res:\nratmine_PWEvidenceCode	12	12	mine_voc:\nhasCode	http://mo-ld.org/mine_type:Code	12	12
http://mo-ld.org/resource/ratmine_MPEvidenceCode	11	11	mine_voc:\nhasCode	http://mo-ld.org/mine_type:Code	11	11
mold_res:\nratmine_Ontology	9	9	mine_voc:\nhasUrl	mine_type:\nUrl	9	5
mold_res:\nratmine_Organism	7	7	mine_voc:\nhasGenus	mine_type:\nGenus	7	7
http://mo-ld.org/resource/ratmine_Organism	7	7	mine_voc:\nhasShortName	http://mo-ld.org/mine_type:ShortName	7	7
http://mo-ld.org/resource/ratmine_Organism	7	7	mine_voc:\nhasSpecies	mine_type:\nSpecies	7	7
http://mo-ld.org/resource/ratmine_Organism	7	7	mine_voc:\nhasCommonName	mine_type:\nCommonName	7	7
http://mo-ld.org/resource/ratmine_Organism	7	7	mine_voc:\nhasTaxonId	mine_type:\nTaxonId	7	7
http://mo-ld.org/resource/ratmine_GOEvidence	6	6	mine_voc:\nhasBioEntity	http://mo-ld.org/resource/ratmine_BioEntity	6	5
http://mo-ld.org/resource/ratmine_GOEvidence	6	6	mine_voc:\nhasBioEntity	http://mo-ld.org/resource/ratmine_Protein	6	5
http://mo-ld.org/resource/ratmine_OrthologueEvidence	6	1	mine_voc:\nhasPublication	http://mo-ld.org/resource/ratmine_Publication	6	6
http://mo-ld.org/resource/ratmine_OrthologueEvidence	2	2	mine_voc:\nhasOrthologueEvidenceCode	mold_res:\nratmine_OrthologueEvidenceCode	2	2
http://mo-ld.org/resource/ratmine_OrthologueEvidenceCode	2	2	mine_voc:\nhasAbbreviation	mine_type:\nAbbreviation	2	1
mold_res:\nratmine_Submission	1	1	mine_voc:\nhasTitle	http://mo-ld.org/mine_type:Title	1	1
http://mo-ld.org/resource/ratmine_Submission	1	1	mine_voc:\nhasPublication	http://mo-ld.org/resource/ratmine_Publication	1	1
http://mo-ld.org/resource/ratmine_Submission	1	1	mine_voc:\nhasExperimentDate	mine_type:\nExperimentDate	1	1
mold_res:\nratmine_Project	1	1	mine_voc:\nhasSubmission	http://mo-ld.org/resource/ratmine_Submission	1	1
